image_id,tile_id,region_id,area,rad51_count_th0.15,rad51_area_th0.15,rad51_count_th0.2,rad51_area_th0.2,rad51_count_th0.25,rad51_area_th0.25,prob_count_th0.3,prob_area_th0.3,prob_count_th0.365,prob_area_th0.365,prob_count_th0.4,prob_area_th0.4
A1,tile_01,1,187.0,0,0.0,0,0.0,0,0.0,0,0.0,0,0.0,0,0.0
A1,tile_01,2,131.0,0,0.0,0,0.0,0,0.0,0,0.0,0,0.0,0,0.0
A1,tile_01,3,797.0,9,0.09460253912942915,9,0.035475952173535934,7,0.027592407246083504,4,0.16555445346808345,4,0.16555445346808345,3,0.10248608750710674
A1,tile_01,4,312.0,4,0.04027682889217683,2,0.020138414446088417,2,0.020138414446088417,2,0.201384153121557,2,0.201384153121557,2,0.201384153121557
A1,tile_01,5,1635.0,11,0.02113609736360105,6,0.01152878038014603,2,0.00384292679338201,7,0.05123902767076405,3,0.03181089815378918,2,0.024125043769859758
A1,tile_01,6,1085.0,4,0.011581908400331034,3,0.008686431300248276,2,0.005790954200165517,3,0.027667893792077694,2,0.019624901696833598,2,0.019624901696833598
A1,tile_01,7,1624.0,21,0.043633231299858244,10,0.019344782349690844,5,0.009672391174845422,11,0.09264002644956992,4,0.05459528016339382,2,0.03632520337410161
A1,tile_01,8,1318.0,12,0.03045718725028041,4,0.011388339580539631,0,0.0,7,0.07309725215836613,3,0.042640066653354396,2,0.03310564182958762
A1,tile_01,9,1245.0,19,0.0499066035108419,14,0.03728976554461781,11,0.029719662764883362,6,0.11355154504737701,3,0.03813089271147088,0,0.0
A1,tile_01,10,1358.0,13,0.035472081999295656,4,0.009253586608511909,4,0.009253586608511909,7,0.08945134181161692,6,0.07300051884377301,2,0.019021263178739704
A1,tile_01,11,922.0,13,0.04429577494215544,6,0.020444203819456355,5,0.017036836516213627,6,0.12417960839261202,2,0.06436138608191898,1,0.018551224483067973
A1,tile_01,12,1708.0,21,0.04148733467855375,11,0.02166333731983594,5,0.009196699805590729,11,0.12221395773965804,7,0.09728066759310505,6,0.09217138536082498
A1,tile_01,13,703.0,8,0.0392264611401286,5,0.025819949104894775,3,0.01688227441473889,3,0.21450419310655228,2,0.14300279902190946,2,0.14300279902190946
A1,tile_01,14,1219.0,20,0.06213887574778827,14,0.04467126551453903,12,0.03751240886156803,9,0.2663094549515484,1,0.041235015468581764,0,0.0
A1,tile_01,15,1348.0,23,0.06551458468168628,11,0.03573522800819251,5,0.015796006583331468,10,0.22735892276028144,7,0.1545937195729785,3,0.09115073093674657
A1,tile_01,16,1241.0,11,0.029815455392650916,6,0.015189005577388202,5,0.012657504647823501,7,0.07200714160510362,3,0.04894235689346105,3,0.04894235689346105
A1,tile_01,17,933.0,3,0.018706637213229682,1,0.003367194698381343,0,0.0,5,0.07781961978695656,5,0.07781961978695656,1,0.018332506938251523
A1,tile_01,18,1451.0,23,0.04979781601141646,15,0.032476836529184636,10,0.021651224352789752,5,0.07601985497609408,3,0.052684649855904875,1,0.011787890402059733
A1,tile_01,19,257.0,2,0.024448191856729907,1,0.012224095928364953,0,0.0,1,0.1358233054788196,1,0.1358233054788196,1,0.1358233054788196
A1,tile_01,20,1169.0,13,0.04389450813398912,12,0.041207089268642846,7,0.023589565595817284,8,0.1275031071019234,4,0.08002536535467013,3,0.040012685940549145
A1,tile_01,21,880.0,11,0.1146363985969003,9,0.03212992486625925,5,0.017849958259032916,7,0.1749296014959162,3,0.128519699790261,1,0.05711986801841042
A1,tile_01,22,395.0,3,0.023860197369036402,0,0.0,0,0.0,1,0.05655751288691654,1,0.05655751288691654,1,0.05655751288691654
A1,tile_01,23,401.0,3,0.02350318693458698,3,0.02350318693458698,2,0.015668791289724655,1,0.08704885164103901,1,0.08704885164103901,1,0.08704885164103901
A1,tile_01,24,1272.0,10,0.024698055452749945,6,0.014818833271649968,2,0.004939611090549989,4,0.06641032860713934,4,0.06641032860713934,2,0.016739794293289666
A1,tile_01,25,1260.0,21,0.05429913228426805,16,0.039893240045584685,10,0.024933275028490423,12,0.19918917701357886,10,0.16428258986700148,9,0.15070780193994915
A1,tile_01,26,1161.0,12,0.03247124189756892,8,0.02164749459837928,4,0.01082374729918964,6,0.11936188401280551,6,0.08358338821765988,4,0.0652431517608406
A1,tile_01,27,1121.0,10,0.03020462755458518,6,0.018994662688965942,5,0.01619217147256113,6,0.21610323304474938,4,0.1460409445171373,3,0.12081852010272635
A1,tile_01,28,1004.0,10,0.0361582155791654,6,0.01877445808918203,4,0.012516305392788021,6,0.14011310106254668,4,0.11229907943907962,3,0.062233856474735824
A1,tile_01,29,1185.0,10,0.02651133041004045,4,0.010604532164016179,3,0.007953399123012135,3,0.07364258585096914,2,0.0497823884215536,1,0.04241812983645669
A1,tile_01,30,1046.0,4,0.017353178031301174,1,0.0030034346592636646,0,0.0,5,0.06140355535036747,2,0.02469490955710183,2,0.02469490955710183
A1,tile_01,31,1851.0,4,0.006788963054759142,1,0.0016972407636897855,1,0.0016972407636897855,1,0.006788963243679251,1,0.006788963243679251,0,0.0
A1,tile_01,32,1337.0,7,0.01644812907638635,5,0.01174866362599025,4,0.009398930900792201,5,0.10417150185013674,3,0.07649686324034685,3,0.07649686324034685
A1,tile_01,33,1186.0,5,0.015304742176004239,2,0.007358049123078961,2,0.007358049123078961,5,0.06916566562491766,5,0.06916566562491766,3,0.051212027744338244
A1,tile_01,34,765.0,9,0.04426063724011763,6,0.024639942381096416,2,0.00821331412703214,5,0.13415080550449346,2,0.08213314480251736,1,0.06570651484470741
A1,tile_01,35,788.0,6,0.023920756245607563,4,0.01594717083040504,1,0.00398679270760126,4,0.0872664669443508,4,0.0872664669443508,3,0.0478415126122799
A1,tile_01,36,1488.0,2,0.004222570770954023,1,0.0021112853854770115,1,0.0021112853854770115,1,0.00844514177691552,1,0.00844514177691552,1,0.00844514177691552
A1,tile_01,37,926.0,3,0.010177945961953974,1,0.003392648653984658,1,0.003392648653984658,2,0.03204168562755214,2,0.03204168562755214,1,0.01847108960409144
A1,tile_01,38,1363.0,5,0.011524551187049864,1,0.002304910237409973,1,0.002304910237409973,2,0.021768599333171886,1,0.009219641206199775,1,0.009219641206199775
A1,tile_01,39,2609.0,19,0.022878597323957875,13,0.015653777116392223,12,0.014449640415131283,13,0.06876960774864352,11,0.06207995343455047,8,0.05204547196341091
A1,tile_01,40,787.0,5,0.01995929258951584,4,0.015967434071612673,2,0.007983717035806337,3,0.0913692120524192,3,0.0913692120524192,2,0.08028071596177136
A1,tile_01,41,1317.0,7,0.016697910839125703,4,0.009541663336643259,3,0.007156247502482445,4,0.029420129983101093,4,0.029420129983101093,3,0.022793974764164233
A1,tile_01,42,990.0,5,0.015866629563584814,3,0.009519977738150888,2,0.006346651825433925,4,0.05288877005528922,2,0.03525918132126933,2,0.03525918132126933
A1,tile_01,43,1033.0,3,0.009123695993000367,3,0.009123695993000367,1,0.003041231997666789,2,0.02061279607073035,1,0.012164928329187119,1,0.012164928329187119
A1,tile_01,44,1121.0,5,0.014012456082024055,1,0.002802491216404811,0,0.0,3,0.037677941845528896,3,0.037677941845528896,1,0.011209965177564936
A1,tile_01,45,577.0,3,0.016334103918144504,1,0.005444701306048168,1,0.005444701306048168,3,0.09074503007753264,2,0.0756208594998206,1,0.06049668892210856
A1,tile_01,46,168.0,4,0.18907733563271903,3,0.17037737936135122,3,0.17037737936135122,2,0.46749891553606304,2,0.46749891553606304,1,0.16829960686819895
A1,tile_02,1,573.0,9,0.13584936237163542,6,0.05239033705811949,0,0.0,3,0.16387211132215995,2,0.1486423618922475,2,0.1486423618922475
A1,tile_02,2,74.0,1,0.042453954778240446,1,0.042453954778240446,0,0.0,1,0.2311382293701172,0,0.0,0,0.0
A1,tile_02,3,1112.0,20,0.10735658348598218,11,0.06843197426884243,5,0.04928357779912046,4,0.09919497263517311,1,0.011300693312994868,0,0.0
A1,tile_02,4,148.0,1,0.08490790955648089,0,0.0,0,0.0,1,0.33963164767703496,1,0.33963164767703496,1,0.33963164767703496
A1,tile_02,5,1334.0,30,0.08870563964408966,23,0.05782875032844782,12,0.03009188365507465,6,0.12219922295932112,3,0.07902390738834685,2,0.04736201159064023
A1,tile_02,6,1418.0,33,0.08320469494697937,22,0.058834089030556404,9,0.02658611554518866,7,0.13465377743052495,3,0.07212715525553155,1,0.024616776803989167
A1,tile_02,7,1036.0,13,0.05626833688862029,9,0.04178008248017315,4,0.012129701365211557,5,0.14858885069151181,1,0.008423404804067723,0,0.0
A1,tile_02,8,412.0,4,0.07794674329295062,1,0.04151511327559326,0,0.0,2,0.13301781774724572,1,0.1025169150343219,1,0.1025169150343219
A1,tile_02,9,1383.0,32,0.10625938034556942,19,0.05729425021008139,14,0.035840456078553115,4,0.0896011429770822,2,0.02852093027022466,1,0.012367482988711983
A1,tile_02,10,1330.0,23,0.09343416747518517,18,0.042517795311741574,11,0.025983097134953174,5,0.1304404007761102,0,0.0,0,0.0
A1,tile_02,11,346.0,4,0.21993166296807154,4,0.21993166296807154,4,0.21993166296807154,2,0.29055192980463107,2,0.29055192980463107,2,0.29055192980463107
A1,tile_02,12,345.0,6,0.12546134912886775,5,0.10927278795094933,4,0.1001667222883702,2,0.29139410931131116,2,0.29139410931131116,2,0.29139410931131116
A1,tile_02,13,1115.0,26,0.09485825351646315,19,0.0751352503100698,7,0.036941498069117645,3,0.13524345090036435,1,0.04508115144053917,0,0.0
A1,tile_02,14,1429.0,23,0.09013666815757983,9,0.05935829366474767,8,0.02418300853008238,8,0.15755597722538708,2,0.04396910830925527,0,0.0
A1,tile_02,15,1438.0,32,0.18739835640328542,29,0.0706384996286996,17,0.04272294135618944,4,0.09539839488574627,1,0.015535617239452038,0,0.0
A1,tile_02,16,1233.0,14,0.0376526829708428,10,0.027460979309562036,5,0.012739629576600945,9,0.1531586782388927,2,0.0319906298164807,1,0.013872042963007845
A1,tile_02,17,1880.0,32,0.06628537691084851,25,0.054587957455992896,15,0.03787735823477057,5,0.11158967525401015,2,0.03137879270188352,1,0.026736959497979346
A1,tile_02,18,995.0,20,0.17786571472585427,14,0.115419763599223,8,0.0652525107278282,5,0.2245247845673681,0,0.0,0,0.0
A1,tile_02,19,1232.0,15,0.05156654608165064,8,0.02238328099148572,6,0.017283292917476316,7,0.11191641819941534,1,0.028333270704591428,0,0.0
A1,tile_02,20,925.0,18,0.206420562343978,16,0.1475510783848179,14,0.052831588168477016,4,0.14340003761085304,2,0.09207791715054899,1,0.05434106362832559
A1,tile_02,21,2222.0,39,0.12300565295333572,31,0.04854246074403674,20,0.03299002186487933,8,0.07163548920199637,0,0.0,0,0.0
A1,tile_02,22,1082.0,18,0.12130199607206432,12,0.05290831743568763,6,0.03032549901801607,5,0.16324152920030183,2,0.06226405991644163,1,0.04645608489482548
A1,tile_02,23,769.0,10,0.15751085837244014,8,0.0730814069105558,6,0.03994511682067646,3,0.18565402384387192,2,0.12028928044868539,2,0.12028928044868539
A1,tile_02,24,1362.0,23,0.054845882514946646,14,0.03229243549945456,10,0.023066025356753252,8,0.14992918667114077,2,0.04151884574722088,0,0.0
A1,tile_02,25,1272.0,6,0.014818833271649968,3,0.007409416635824984,2,0.004939611090549989,3,0.030186515184318495,3,0.030186515184318495,2,0.020307291978560155
A1,tile_02,26,1670.0,21,0.03950505732059023,12,0.022574318468908693,7,0.013168352440196738,10,0.1038836816113866,6,0.07754696600451441,3,0.03198028610138122
A1,tile_02,27,972.0,16,0.0797249164491237,8,0.03160266958343642,5,0.016160456036984534,6,0.14867620899844072,1,0.01759694338825995,1,0.01759694338825995
A1,tile_02,28,443.0,8,0.05673305017769378,6,0.04254978763327034,4,0.02836652508884689,3,0.111890185767318,2,0.09219120964239737,0,0.0
A1,tile_03,1,734.0,1,0.004280098983092361,1,0.004280098983092361,0,0.0,0,0.0,0,0.0,0,0.0
A1,tile_03,2,300.0,4,0.041887902047863905,4,0.041887902047863905,2,0.020943951023931952,2,0.10355621337890625,2,0.10355621337890625,2,0.10355621337890625
A1,tile_03,3,1052.0,14,0.05541254469259563,11,0.035172034355779265,4,0.014267900729231212,6,0.183491855519806,4,0.08859371141789077,0,0.0
A1,tile_03,4,1132.0,14,0.038853619390686496,10,0.027752585279061777,8,0.02220206822324942,7,0.12056957285311534,5,0.10792672255013941,3,0.052421552974849205
A1,tile_03,5,729.0,3,0.012928364829587626,0,0.0,0,0.0,1,0.011970709707838353,0,0.0,0,0.0
A1,tile_03,6,866.0,2,0.007255410285426774,1,0.003627705142713387,1,0.003627705142713387,2,0.024587780994300753,2,0.024587780994300753,2,0.024587780994300753
A1,tile_03,7,786.0,9,0.035972434964768624,4,0.015987748873230498,3,0.011990811654922875,5,0.11990811685266083,2,0.06617152478555383,0,0.0
A1,tile_03,8,1157.0,12,0.03258350202513182,6,0.01629175101256591,3,0.008145875506282955,7,0.10619807923365587,7,0.10619807923365587,4,0.07301118235806504
A1,tile_03,9,1152.0,17,0.0584806502838378,7,0.019089538693687978,4,0.01090830782496456,5,0.21816616588168675,3,0.1308996942308214,2,0.08726646502812703
A1,tile_03,10,1155.0,16,0.05772430945989904,11,0.04412434126254062,9,0.026595493363723115,6,0.11454195625338204,5,0.09519978312702922,3,0.06830206536627435
A1,tile_03,11,2017.0,15,0.023363356372755037,6,0.009345342549102012,4,0.006230228366068008,11,0.05849492343038276,7,0.044303848652421214,5,0.03149726879023418
A1,tile_03,12,317.0,0,0.0,0,0.0,0,0.0,2,0.18609504820044484,0,0.0,0,0.0
A1,tile_03,13,1439.0,18,0.12031734662810112,17,0.05457944151476362,13,0.028381309587677078,7,0.2129811173598745,2,0.054579442536524386,1,0.019648598995036428
A1,tile_03,14,1609.0,22,0.07267685511722816,15,0.03514522545967451,15,0.029287687883062092,9,0.1512112709363104,5,0.08395804908425264,5,0.08395804908425264
A1,tile_03,15,1267.0,11,0.031132155560435557,6,0.01873439449654529,3,0.009367197248272644,4,0.11295738310539168,3,0.09532501533827446,2,0.05565217581901761
A1,tile_03,16,1389.0,16,0.03794740346308767,9,0.020355891923907948,8,0.01809412615458484,8,0.17566383751799855,4,0.10203077674684463,1,0.016083669971441346
A1,tile_03,17,1388.0,18,0.05457297517042791,10,0.02967562705120041,7,0.021125022646617246,6,0.11568465219107417,3,0.048537257081837065,1,0.030430092935259816
A1,tile_03,18,1139.0,10,0.04903471120616202,6,0.01654921503207968,3,0.00827460751603984,7,0.12994199891797903,5,0.11124750393540112,1,0.015016882329577411
A1,tile_03,19,1353.0,17,0.052630771235305726,11,0.03508718082353715,4,0.011093740995677188,6,0.17466193380306494,6,0.17466193380306494,3,0.07946214584271642
A1,tile_03,20,1484.0,10,0.02116976181664281,6,0.012701857089985686,1,0.0021169761816642813,5,0.03716469582200372,5,0.03716469582200372,4,0.031284206318405436
A1,tile_03,21,1224.0,17,0.06473688565403805,8,0.033936957677667516,3,0.00769998199409263,7,0.1414515426735473,4,0.08298870161467907,2,0.041351757797540405
A1,tile_03,22,865.0,4,0.017352406436012987,1,0.0036318990214910902,1,0.0036318990214910902,3,0.044389881288385113,3,0.044389881288385113,3,0.044389881288385113
A1,tile_03,23,1027.0,3,0.009176998988090924,1,0.0030589996626969747,0,0.0,2,0.03025011101623357,0,0.0,0,0.0
A1,tile_03,24,1820.0,13,0.022439947525641383,5,0.008630749048323607,2,0.003452299619329443,11,0.11469307364998282,6,0.07269009600628863,3,0.056195772611177884
A1,tile_03,25,111.0,6,0.19182898084982722,1,0.05031579825569238,0,0.0,1,0.15409215291341147,0,0.0,0,0.0
A1,tile_03,26,1050.0,13,0.07180783208205242,4,0.011967972013675403,2,0.005983986006837702,6,0.16588939848400297,2,0.0282577151343936,0,0.0
A1,tile_03,27,873.0,5,0.02079200941665639,2,0.007197234028842596,0,0.0,3,0.04838141215216253,3,0.04838141215216253,3,0.04838141215216253
A1,tile_03,28,1205.0,12,0.03534110684536237,4,0.01245629175697198,2,0.0052142616657092,6,0.07734488966059389,5,0.07010285943375584,4,0.0628608292069178
A1,tile_03,29,1064.0,5,0.014763123372132486,4,0.01181049869770599,0,0.0,2,0.05544373146573404,1,0.04724199610545223,1,0.04724199610545223
A1,tile_03,30,1086.0,10,0.04274931685363644,4,0.011571243659630914,1,0.0028928109149077286,5,0.1237480346230073,3,0.11056966764053149,3,0.11056966764053149
A1,tile_03,31,1588.0,20,0.04704036019229051,4,0.007913331621132981,4,0.007913331621132981,8,0.12287647237705644,2,0.024839072143400948,1,0.014068147097186418
A1,tile_03,32,1118.0,4,0.013425609630725612,0,0.0,0,0.0,5,0.09366704568879976,4,0.08586145854806644,3,0.06587915301109683
A1,tile_03,33,1090.0,2,0.005764390190073015,0,0.0,0,0.0,2,0.046755610474752726,0,0.0,0,0.0
A1,tile_03,34,823.0,6,0.0258724384864287,1,0.006786213373489495,0,0.0,1,0.020782781255636297,1,0.020782781255636297,0,0.0
A1,tile_03,35,1424.0,12,0.02819000898586347,7,0.015443222313994769,6,0.013237047697709803,7,0.1507552714830034,6,0.11545647396130508,4,0.06814628236749198
A1,tile_03,36,1146.0,15,0.04112032269096589,7,0.019189483922450744,4,0.010965419384257567,4,0.113004741036247,3,0.10538986632129077,2,0.03959734984925488
A1,tile_03,37,781.0,3,0.012067577414557464,2,0.008045051609704977,1,0.004022525804852488,4,0.13855367311289613,2,0.0862608358893596,1,0.06436041466863146
A1,tile_03,38,731.0,9,0.04202160716155978,4,0.017190657475183547,2,0.008595328737591773,4,0.12415475493090586,3,0.11651446424659072,1,0.06876263181422869
A1,tile_03,39,1152.0,6,0.018483521592301058,2,0.00545415391248228,1,0.00272707695624114,4,0.07484311527676052,4,0.07484311527676052,3,0.059995690981547035
A1,tile_03,40,1362.0,5,0.02998583296377923,2,0.004613205071350651,1,0.0023066025356753253,6,0.08457542901172162,4,0.06894179132716421,3,0.06253456194145214
A1,tile_03,41,842.0,3,0.011193322993787861,2,0.007462215329191908,2,0.007462215329191908,3,0.0356528085087937,1,0.014924431073693935,1,0.014924431073693935
A1,tile_03,42,1055.0,7,0.020844690592538913,2,0.0059556258835825465,1,0.0029778129417912733,3,0.03639549508478969,3,0.03639549508478969,1,0.01191125209862587
A1,tile_03,43,858.0,2,0.007323059798577607,0,0.0,0,0.0,0,0.0,0,0.0,0,0.0
A1,tile_03,44,763.0,1,0.004117421564337868,1,0.004117421564337868,1,0.004117421564337868,1,0.016469686715662245,1,0.016469686715662245,1,0.016469686715662245
A1,tile_03,45,247.0,0,0.0,0,0.0,0,0.0,0,0.0,0,0.0,0,0.0
A1,tile_03,46,154.0,0,0.0,0,0.0,0,0.0,0,0.0,0,0.0,0,0.0
A1,tile_03,47,737.0,1,0.004262676599172039,1,0.004262676599172039,0,0.0,0,0.0,0,0.0,0,0.0
A1,tile_04,1,788.0,6,0.023920756245607563,1,0.00398679270760126,0,0.0,2,0.0921392101926852,1,0.02835052993696958,1,0.02835052993696958
A1,tile_04,2,1056.0,11,0.03966657390896204,6,0.020163841737055703,2,0.005949986086344305,6,0.11139696294611151,5,0.0637970765431722,2,0.028097159934766365
A1,tile_04,3,132.0,2,0.40459905387141276,2,0.06611095651493673,0,0.0,1,0.38079912012273615,1,0.38079912012273615,1,0.38079912012273615
A1,tile_04,4,1011.0,5,0.023478217435334202,2,0.011739108717667101,0,0.0,5,0.07388733544052531,3,0.052825991878641586,3,0.052825991878641586
A1,tile_04,5,1212.0,13,0.07459410499447712,7,0.02016056891742625,5,0.014976422624373785,5,0.07257805877786265,4,0.06998598457563042,3,0.04665732305042028
A1,tile_04,6,1826.0,24,0.04129146970764243,14,0.02408669066279141,11,0.0189252569493361,12,0.11661018964886535,8,0.09921423420065204,7,0.09233231977982954
A1,tile_04,7,1153.0,23,0.06478759062043134,12,0.03269654106077842,7,0.01907298228545408,5,0.1913353158201431,4,0.1610607401971081,2,0.08719077858838017
A1,tile_04,8,1227.0,9,0.023043466896746648,3,0.007681155632248883,2,0.005120770421499255,7,0.10981208285181719,5,0.09245836278142829,2,0.04665591450561424
A1,tile_04,9,1878.0,21,0.04200685952616811,14,0.026021948379042186,10,0.01672839538652712,12,0.16449590485951643,7,0.1159835506678897,5,0.06245267987886049
A1,tile_04,10,1293.0,19,0.05237337585257541,9,0.021867234247724777,3,0.007289078082574926,6,0.14875119615689048,1,0.009718771047216003,0,0.0
A1,tile_04,11,1347.0,25,0.07955695328318625,17,0.060898645021331486,9,0.031097180436424576,9,0.16066878445518398,2,0.037575762096651415,2,0.037575762096651415
A1,tile_04,12,1054.0,14,0.05067084925144829,4,0.011922552765046654,3,0.00894191457378499,5,0.13744054573536824,1,0.04007302561113911,0,0.0
A1,tile_04,13,1364.0,26,0.10876318652457331,21,0.06858478585549566,18,0.04145796756936679,6,0.17018240428040804,0,0.0,0,0.0
A1,tile_04,14,158.0,3,0.1303473745160322,1,0.019883497807530338,0,0.0,2,0.4263905875290496,1,0.3181359737734251,1,0.3181359737734251
A1,tile_04,15,752.0,8,0.052452714222170016,2,0.02413753220843222,0,0.0,3,0.10119196709166182,1,0.03759884834289551,1,0.03759884834289551
A1,tile_04,16,1647.0,9,0.017167172970436028,4,0.007629854653527123,3,0.005722390990145342,3,0.03157912476104755,2,0.023949269316163146,2,0.023949269316163146
A1,tile_04,17,1412.0,7,0.017304964254901283,3,0.006674771926890495,2,0.00444984795126033,5,0.04326241685040612,4,0.039306994538131586,4,0.039306994538131586
A1,tile_04,18,1257.0,17,0.04443161182483576,11,0.02749205981661712,8,0.01999422532117609,7,0.146902031242231,2,0.05776109596804768,1,0.017772647247678623
A1,tile_04,19,1634.0,17,0.06729237630088297,6,0.011535835937294223,3,0.005767917968647111,7,0.09976363444707677,2,0.044434331476031784,0,0.0
A1,tile_04,20,260.0,4,0.05773012141212013,2,0.0241660973353061,1,0.01208304866765305,1,0.1933287840623122,1,0.1933287840623122,0,0.0
A1,tile_04,21,1231.0,12,0.0487728076917993,3,0.01417814177087189,1,0.00255206551875694,5,0.10832101556946842,3,0.06039889201606608,3,0.06039889201606608
A1,tile_04,22,1427.0,18,0.05283687714516821,11,0.024216902024868762,4,0.008806146190861367,8,0.17881371779465224,2,0.06482302499301966,0,0.0
A1,tile_04,23,1312.0,17,0.048688300779719876,9,0.023412953380411737,6,0.014367039574343566,6,0.1758632194705126,4,0.07396365375053592,4,0.07396365375053592
A1,tile_04,24,1262.0,8,0.01991500889755812,4,0.00995750444877906,4,0.00995750444877906,4,0.06665996061829871,4,0.06665996061829871,3,0.05974502684386143
A1,tile_04,25,1133.0,12,0.03327370859936233,5,0.013864045249734303,5,0.013864045249734303,6,0.13463529904964006,5,0.1269330448106865,3,0.07455775638859775
A1,tile_04,26,763.0,6,0.024704529386027206,2,0.008234843128675735,1,0.004117421564337868,3,0.03934425264011048,1,0.016469686715662245,1,0.016469686715662245
A1,tile_04,27,1594.0,11,0.025183546296028595,6,0.011825317391178643,5,0.009854431159315537,9,0.09131774519438127,8,0.08584305632817402,7,0.08036836746196675
A1,tile_04,28,152.0,2,0.0574121464471819,0,0.0,0,0.0,1,0.22964861518458315,1,0.22964861518458315,1,0.22964861518458315
A1,tile_04,29,129.0,0,0.0,0,0.0,0,0.0,0,0.0,0,0.0,0,0.0
A1,tile_04,30,1309.0,9,0.02773326848088774,1,0.0023999943877691314,0,0.0,5,0.10533308782497373,1,0.021599949544581682,1,0.021599949544581682
A1,tile_04,31,837.0,9,0.04045327059580644,2,0.007506792481696041,1,0.0037533962408480203,5,0.11093372996705123,3,0.05046233310494372,1,0.02043516006378575
A1,tile_04,32,803.0,1,0.0039123196184181735,1,0.0039123196184181735,1,0.0039123196184181735,1,0.01564927890915354,1,0.01564927890915354,1,0.01564927890915354
A1,tile_04,33,821.0,10,0.04506818531337367,3,0.011479632108123482,0,0.0,3,0.10374185838594797,3,0.10374185838594797,2,0.08843568530065278
A1,tile_04,34,107.0,0,0.0,0,0.0,0,0.0,0,0.0,0,0.0,0,0.0
A1,tile_04,35,140.0,0,0.0,0,0.0,0,0.0,0,0.0,0,0.0,0,0.0
A1,tile_05,1,991.0,14,0.07150390275577172,8,0.03275794559747178,3,0.009510371302491806,6,0.12610048049634207,4,0.06974272819388165,3,0.05706223565803166
A1,tile_05,2,948.0,4,0.013255665205020225,0,0.0,0,0.0,1,0.029825246786769434,0,0.0,0,0.0
A1,tile_05,3,57.0,0,0.0,0,0.0,0,0.0,0,0.0,0,0.0,0,0.0
A1,tile_05,4,517.0,7,0.0425360707449295,6,0.03645948920993957,4,0.024306326139959714,1,0.0816962649789954,1,0.0816962649789954,1,0.0816962649789954
A1,tile_05,5,897.0,11,0.04124969915527289,8,0.03074270031383546,6,0.023738034419543835,3,0.1346452557788113,3,0.1346452557788113,2,0.10312425492200564
A1,tile_05,6,222.0,0,0.0,0,0.0,0,0.0,0,0.0,0,0.0,0,0.0
A1,tile_05,7,983.0,13,0.04900415804175331,8,0.028053104965931237,4,0.015269411563734726,5,0.1001389388029112,4,0.07741236953502512,3,0.06853480450619516
A1,tile_05,8,1273.0,21,0.0581319405220421,13,0.03208225019376851,6,0.014807192397123926,9,0.1428620127927386,4,0.09898882294300496,1,0.009871461872781062
A1,tile_05,9,1799.0,35,0.0642250119410921,22,0.041523119502700025,15,0.02929902357433506,7,0.12379323250058627,2,0.031821460310388364,1,0.012418130956271279
A1,tile_05,10,1210.0,15,0.040964752691437165,11,0.030579322431636188,6,0.015578145389701453,7,0.09491129473221203,5,0.08048708576801394,4,0.0732749812859149
A1,tile_05,11,218.0,6,0.13450243776837034,2,0.06564999938694266,0,0.0,1,0.10247806234097262,0,0.0,0,0.0
A1,tile_05,12,1569.0,28,0.07208243182232797,17,0.04649761805823007,11,0.025584813764097887,8,0.13927039103267905,6,0.10678879571918319,3,0.055841639210571524
A1,tile_05,13,959.0,17,0.08444554462204057,12,0.04185878289454597,6,0.019655428489612888,4,0.18672657510162768,2,0.10482895486173341,1,0.052414477430866704
A1,tile_05,14,1164.0,19,0.051280292455503515,9,0.02429066484734376,6,0.016193776564895842,6,0.09446370888411794,5,0.08696658996372289,3,0.04858133637208709
A1,tile_05,15,1318.0,14,0.050055725133069544,6,0.020393073202361667,4,0.011388339580539631,8,0.15970162375743907,5,0.10249506902622345,2,0.047936967725276225
A1,tile_05,16,2037.0,43,0.08568135748622135,36,0.07025871313870154,26,0.042497953313165825,9,0.14840012083582627,1,0.006169057910677611,0,0.0
A1,tile_05,17,1459.0,16,0.05622376617116758,13,0.027992258051177048,9,0.0193792555738918,7,0.11579704676857544,6,0.10981578970707141,6,0.10981578970707141
A1,tile_05,18,467.0,7,0.13080626085610608,3,0.10389754433713566,2,0.09717036520739306,4,0.20929002455521448,1,0.10763486907109458,1,0.10763486907109458
A1,tile_05,19,1236.0,18,0.0858543839168732,14,0.07568741740040136,10,0.02937123660314082,6,0.16210664668901067,2,0.08133573439514753,1,0.040667867197573766
A1,tile_05,20,1038.0,11,0.052460763643760205,6,0.03732785105421398,1,0.005380591142949764,6,0.14493967986060935,4,0.10929325963720421,4,0.10929325963720421
A1,tile_05,21,1256.0,17,0.04446698731195746,5,0.01250634018148803,2,0.005002536072595212,6,0.10088447400718738,1,0.022511412383644444,1,0.022511412383644444
A1,tile_05,22,1255.0,23,0.09901788266294527,17,0.04644940001323555,13,0.03643635569900512,8,0.20248602756940987,0,0.0,0,0.0
A1,tile_05,23,1247.0,12,0.03219131739845195,9,0.024633355922293664,5,0.014556073954082621,9,0.16627518348724438,4,0.0758595409255651,1,0.033870865271965214
A1,tile_05,24,1380.0,28,0.09004887155217126,21,0.055901125317499564,16,0.04451854323927566,6,0.15252661221269248,4,0.07967807935631793,1,0.030606499271116396
A1,tile_05,25,489.0,0,0.0,0,0.0,0,0.0,0,0.0,0,0.0,0,0.0
A1,tile_05,26,1353.0,18,0.051856789305374774,13,0.040247060356410264,7,0.022187481991354376,10,0.1695020722179878,8,0.156086382474709,7,0.14344467309696624
A1,tile_05,27,942.0,15,0.05521317591234717,9,0.03520303162196631,4,0.01852791137998227,6,0.15341112011304073,3,0.1248781240669785,2,0.07151774185731406
A1,tile_05,28,1226.0,13,0.04897171800049345,7,0.0335968763026641,5,0.012812368081524441,4,0.1221445901942292,2,0.0754506171819242,2,0.0754506171819242
A1,tile_05,29,1533.0,14,0.033927470130092,9,0.023680918748520585,4,0.008197241105257125,6,0.11202897422078849,5,0.1063364405921294,4,0.07354747277027784
A1,tile_05,30,1222.0,11,0.028279475605145436,6,0.015425168511897512,2,0.005141722837299171,5,0.07826845384463546,2,0.04827506569520541,2,0.04827506569520541
A1,tile_05,31,1375.0,21,0.08022167907348485,18,0.0733672951020162,10,0.022847946571562132,9,0.1690748291015625,2,0.061435591264204545,1,0.030717795632102272
A1,tile_05,32,225.0,3,0.041887902047863905,2,0.027925268031909273,1,0.013962634015954637,2,0.3226919894748264,1,0.09928985595703126,1,0.09928985595703126
A1,tile_05,33,1101.0,14,0.07228611615889322,15,0.05231232090446219,8,0.022827194576492592,6,0.16549717264755762,1,0.015535176179281265,0,0.0
A1,tile_05,34,1776.0,22,0.04029194782194118,14,0.0247648069539736,10,0.01768914782426685,10,0.14269248000136367,5,0.06446712940662831,4,0.04854689417658625
A1,tile_05,35,305.0,10,0.14992664394180796,3,0.03090091134678485,0,0.0,1,0.16480486510229891,0,0.0,0,0.0
A1,tile_05,36,1553.0,13,0.026297942367461247,6,0.01213751186190519,4,0.008091674574603459,5,0.03843545760174989,4,0.03281623904196892,2,0.016632888214248884
A1,tile_05,37,61.0,2,0.14305977475363357,1,0.09155825584232548,1,0.09155825584232548,1,0.3662330752513448,1,0.3662330752513448,1,0.3662330752513448
A1,tile_05,38,1402.0,11,0.024648729807052582,6,0.013444761712937774,5,0.011203968094114811,6,0.0515382578981756,5,0.04531383106269782,5,0.04531383106269782
A1,tile_05,39,928.0,11,0.039871745842973906,5,0.01692668455597949,3,0.010156010733587694,7,0.16512921760822163,3,0.08200038712600181,1,0.018431281221324
A1,tile_05,40,1814.0,26,0.046375341756409436,17,0.02944160700718109,11,0.019050451592881875,11,0.1385487532273937,5,0.06581065252571149,1,0.012315445198639488
A1,tile_05,41,2213.0,22,0.031231377487110475,12,0.01703529681115116,6,0.00851764840557558,9,0.08359915435556584,7,0.06388236492724102,5,0.0522100325359029
A1,tile_05,42,2032.0,15,0.02319089065149946,6,0.009276356260599783,3,0.004638178130299891,9,0.09585568285363866,7,0.086922893373985,3,0.038823270422267166
A1,tile_05,43,1480.0,21,0.04622763964741739,9,0.0191042796502082,6,0.012736186433472135,11,0.11085200954127956,5,0.06415265057538007,2,0.03514244491989548
A1,tile_05,44,1042.0,11,0.03785454999527049,2,0.006029928317830697,1,0.0030149641589153485,6,0.09044893231822067,5,0.0783890780926666,3,0.04053452284917264
A1,tile_06,1,1956.0,31,0.061389904160127746,19,0.03426413255448991,6,0.009636787280950286,10,0.09351252924445216,9,0.07566662653823572,5,0.04390092471382125
A1,tile_06,2,1922.0,44,0.11296511911971617,34,0.08354333568339145,22,0.04013712431745546,9,0.1196849239480359,3,0.03632319407706206,2,0.029785019301971215
A1,tile_06,3,1596.0,23,0.0662700204704614,13,0.039149616053506905,8,0.02930753380541857,8,0.10498222790863879,3,0.051178829413010066,0,0.0
A1,tile_06,4,1335.0,26,0.07556556611630882,18,0.04837242121632226,10,0.025362837070179767,6,0.1281215596288331,2,0.033468490772033004,1,0.016734245386016502
A1,tile_06,5,980.0,23,0.09545882439479193,9,0.03846848147252808,5,0.0160285339468867,2,0.07408744656309789,1,0.05129131005734813,0,0.0
A1,tile_06,6,1919.0,27,0.05184146293052464,16,0.028740179449203138,8,0.01309679063507991,14,0.13878963563888255,9,0.09004045240949876,6,0.058389863475900944
A1,tile_06,7,1285.0,16,0.06573847143698487,9,0.04672321110397271,7,0.017113734299710935,3,0.09561959945738084,2,0.07823421611860104,2,0.07823421611860104
A1,tile_06,8,1455.0,27,0.10891814163648458,17,0.0686136310749661,14,0.03670589354709725,6,0.1619377739241033,2,0.053979256226844394,0,0.0
A1,tile_06,9,1739.0,14,0.02669681317024104,5,0.00903275633579584,1,0.001806551267159168,9,0.0859115626909323,3,0.029908463761613175,1,0.012846588608586562
A1,tile_06,10,966.0,14,0.13622963312667954,11,0.07371576964944995,11,0.04083275475680316,4,0.17923051032467166,0,0.0,0,0.0
A1,tile_06,11,987.0,14,0.06118378127558642,6,0.01909782768139692,4,0.012731885120931279,6,0.17470976453663248,5,0.12378221877077793,5,0.12378221877077793
A1,tile_06,12,1592.0,35,0.08770498753740352,20,0.04451028117523228,14,0.02916190835618666,7,0.13703905038498154,1,0.03157379639208616,1,0.03157379639208616
A1,tile_06,13,1711.0,37,0.13444441578775718,30,0.07120045691946478,19,0.046310898913233534,6,0.1311802198007607,0,0.0,0,0.0
A1,tile_06,14,1463.0,36,0.09758573671437878,25,0.05917179145517346,17,0.03650517779290943,10,0.19612587793836508,3,0.0820770055075989,0,0.0
A1,tile_06,15,1666.0,38,0.12487589846201921,25,0.05761891288096528,16,0.03499039436771346,7,0.1403806395605117,1,0.02095233463868946,0,0.0
A1,tile_06,16,1026.0,18,0.057497201478955505,8,0.024495849150797607,3,0.009185943431549102,7,0.14697511014882583,0,0.0,0,0.0
A1,tile_06,17,1576.0,18,0.056036586390173275,10,0.0199339635380063,5,0.00996698176900315,6,0.04296876936394551,0,0.0,0,0.0
A1,tile_06,18,1354.0,17,0.041248549530146644,8,0.018561847288565986,4,0.009280923644282993,9,0.13844045754549597,3,0.086879758398149,2,0.049756065605310075
A1,tile_06,19,1736.0,18,0.03257411737593105,6,0.010858039125310345,3,0.005429019562655173,8,0.07057726108533446,6,0.06414286881547919,5,0.04403538418255643
A1,tile_06,20,1828.0,30,0.06626140595645871,14,0.03437191087078549,9,0.02062314652247129,11,0.17892489443722648,4,0.07981921807420593,3,0.07046241676781319
A1,tile_06,21,1144.0,5,0.013730737122333012,2,0.005492294848933205,0,0.0,2,0.009764081114655609,0,0.0,0,0.0
A1,tile_06,22,239.0,2,0.0365131642676638,1,0.013144739136358967,1,0.013144739136358967,2,0.23368426845662266,1,0.0715658116041367,0,0.0
A1,tile_06,23,1094.0,4,0.013720138544013926,2,0.007976824734891818,1,0.002871656904561054,4,0.05424241479179759,3,0.04275578598217729,3,0.04275578598217729
A1,tile_06,24,626.0,14,0.14107613442637876,9,0.07583539241892295,3,0.015055555847874408,5,0.2905164968472319,3,0.19627984872641274,3,0.19627984872641274
A1,tile_07,1,448.0,13,0.2018036947618444,5,0.040516571921296936,4,0.028049934407051724,4,0.2633577414921352,1,0.11219974075044904,0,0.0
A1,tile_07,2,788.0,6,0.033223272563343835,4,0.025249687148141315,3,0.021262894440540053,4,0.09036731235872066,4,0.09036731235872066,4,0.09036731235872066
A1,tile_07,3,850.0,11,0.059546527420983014,3,0.02053328531758035,2,0.010266642658790175,5,0.12935972325942097,4,0.10923709644990809,3,0.08911446964039522
A1,tile_07,4,1263.0,19,0.0801497202024316,9,0.022386645987575723,5,0.01243702554865318,10,0.12658130829993072,7,0.10834032603888312,5,0.0945213964225183
A1,tile_07,5,959.0,7,0.022931333237881702,3,0.009827714244806444,2,0.006551809496537629,3,0.09354528719491333,3,0.09354528719491333,2,0.03567096761916303
A1,tile_07,6,1185.0,13,0.03446472953305259,10,0.02651133041004045,8,0.021209064328032358,5,0.12489783693466508,3,0.090727671691637,2,0.04830954185518031
A1,tile_07,7,1454.0,20,0.053536234277130064,13,0.028088517535534603,5,0.010803275975205615,11,0.21582547572160848,5,0.11283422205110363,1,0.03457048408266931
A1,tile_07,8,1910.0,25,0.043678920547292666,14,0.02430667963510428,8,0.014437802189272464,12,0.15333312668725457,7,0.07968205956264317,4,0.06396494760563236
A1,tile_07,9,1267.0,15,0.055652171886796296,7,0.01735686548944637,6,0.014877313276668318,8,0.1421610072737335,4,0.0967025455754859,2,0.04986655364002689
A1,tile_07,10,1340.0,21,0.09143441305224026,14,0.06798969175679404,14,0.03282260981362471,8,0.19667517818621735,2,0.05418335644166861,0,0.0
A1,tile_07,11,983.0,19,0.10617567575713219,10,0.031959233505491284,5,0.015979616752745642,6,0.21909831329376747,2,0.034800058948908794,0,0.0
A1,tile_07,12,1281.0,17,0.054771456619962584,16,0.052319003338471726,13,0.04496164349399913,9,0.20546110750268345,5,0.1160827922597702,4,0.07684354164189049
A1,tile_07,13,1075.0,12,0.03734192818220426,9,0.02857469286986065,6,0.019807457557517043,10,0.1746953352107558,7,0.14254878554233286,4,0.11105166413063226
A1,tile_07,14,1116.0,22,0.06912504743561773,14,0.03941066052890422,11,0.030965518986996166,8,0.18016305191969786,3,0.060679910858044916,0,0.0
A1,tile_07,15,979.0,13,0.13976896154888194,9,0.05455268142086465,6,0.019253887560305168,6,0.19610442959373403,2,0.05170025693992794,1,0.0288808314135418
A1,tile_07,16,297.0,2,0.02115550608477975,1,0.010577753042389875,0,0.0,1,0.0575899965433962,1,0.0575899965433962,1,0.0575899965433962
A1,tile_07,17,1320.0,14,0.040459905387141275,8,0.019039955476301777,6,0.014279966607226332,7,0.120057504827326,4,0.04257546049175841,2,0.026444385990952002
A1,tile_07,18,732.0,5,0.034334345940872056,1,0.004291793242609007,0,0.0,3,0.07152989392723542,1,0.04768659768860197,0,0.0
A1,tile_07,19,466.0,4,0.22921491463959864,3,0.02022484540937635,2,0.013483230272917568,3,0.23445839943292315,2,0.21573169036996212,1,0.10786584518498106
A1,tile_07,20,1231.0,11,0.034594665920927414,6,0.021834338327142707,1,0.00255206551875694,7,0.1361101709857014,4,0.07429346352646159,4,0.07429346352646159
A1,tile_07,21,1118.0,9,0.02529010186252964,3,0.008430033954176547,2,0.005620022636117698,7,0.12551384449858144,2,0.03122235197500594,0,0.0
A1,tile_07,22,813.0,11,0.13954046910163767,10,0.03864197605891505,6,0.023185185635349027,5,0.1661604990378517,3,0.1446927341587869,0,0.0
A1,tile_07,23,1281.0,17,0.09809813125963446,11,0.05749640471050797,8,0.021527089915308672,8,0.22072080184853143,6,0.21200096970140514,2,0.06131133318505745
A1,tile_07,24,847.0,11,0.050278670305385645,6,0.028848417388336024,3,0.017721170681406415,4,0.13352696982860002,3,0.12693304717188883,2,0.10055734753749447
A1,tile_07,25,1206.0,16,0.0477577656018349,8,0.02489192631368364,2,0.005209938065654715,6,0.13574784312082167,1,0.023444721354773983,0,0.0
A1,tile_07,26,1181.0,13,0.038719412703007154,7,0.022758738764362976,2,0.005320224646214722,4,0.09310393692778896,2,0.04285736794596905,2,0.04285736794596905
A1,tile_07,27,500.0,8,0.07400196028455958,5,0.05026548245743669,0,0.0,4,0.10471976470947265,2,0.04258603668212891,1,0.025132741928100586
A1,tile_07,28,1566.0,19,0.041682831433325636,11,0.02206738134705474,4,0.008024502308019906,8,0.10476434154681015,6,0.07868470816776671,6,0.07868470816776671
A1,tile_07,29,1152.0,22,0.06423781274701354,7,0.0212105985485422,4,0.01090830782496456,6,0.15907949871487087,3,0.0639348030090332,3,0.0639348030090332
A1,tile_07,30,1308.0,15,0.042165446760719295,9,0.02775447128553674,8,0.025352642039672982,7,0.2030880196014311,6,0.1582538709727996,5,0.1486465500764526
A1,tile_07,31,1243.0,20,0.055041759194028754,12,0.03482233744928348,7,0.017691994026652093,5,0.16035125069529993,3,0.0859325467245481,1,0.03397986242489189
A1,tile_07,32,1206.0,7,0.018234783229791503,5,0.013024845164136788,4,0.01041987613130943,5,0.07496522868648295,5,0.07496522868648295,4,0.06078261443433872
A1,tile_07,33,1240.0,5,0.017171787801879695,5,0.017171787801879695,4,0.01463824533930728,3,0.09120752888341103,3,0.09120752888341103,3,0.09120752888341103
A1,tile_07,34,1204.0,6,0.020294526185980575,5,0.013046481119558941,2,0.005218592447823577,4,0.08523701512536337,2,0.04899678594646264,1,0.041748740744353134
A1,tile_07,35,1027.0,7,0.02923044122132665,4,0.020053442233235724,2,0.008497221285269375,5,0.09414921716914786,5,0.09414921716914786,3,0.06525866871567293
A1,tile_07,36,1348.0,20,0.050236479953546,11,0.02744879832513337,5,0.013465448234971089,7,0.11963534708900339,5,0.09762450990761777,2,0.04246795778812216
A1,tile_07,37,1326.0,15,0.03553837843427369,7,0.01658457660266105,6,0.01421535137370947,7,0.1095108791713801,7,0.1095108791713801,6,0.10292969210295295
A1,tile_07,38,1020.0,12,0.036959913571644624,5,0.01539996398818526,3,0.009239978392911156,5,0.10882642409380744,4,0.10027088838465073,2,0.046542119044883576
A1,tile_07,39,378.0,7,0.08403437139231956,4,0.059101096363829146,0,0.0,1,0.04524928299838273,0,0.0,0,0.0
A1,tile_07,40,750.0,7,0.0707440123475035,4,0.029321531433504737,1,0.0041887902047863905,4,0.17592919921875,4,0.17592919921875,4,0.17592919921875
A1,tile_07,41,464.0,2,0.013541347644783592,0,0.0,0,0.0,1,0.018807429691840863,1,0.018807429691840863,0,0.0
A1,tile_07,42,477.0,0,0.0,0,0.0,0,0.0,0,0.0,0,0.0,0,0.0
A1,tile_07,43,836.0,7,0.032150802010421864,3,0.014196458030575888,2,0.007515771898540175,2,0.03549114939128383,2,0.03549114939128383,0,0.0
A1,tile_08,1,1079.0,14,0.04820279120429196,2,0.005823155984411109,1,0.0029115779922055545,3,0.059849114192648,2,0.02749823993615689,2,0.02749823993615689
A1,tile_08,2,232.0,5,0.23923047505784342,2,0.061688361492903014,0,0.0,2,0.3129555932406721,0,0.0,0,0.0
A1,tile_08,3,275.0,6,0.09773843811168245,1,0.011423973285781066,0,0.0,1,0.18278357765891334,1,0.18278357765891334,1,0.18278357765891334
A1,tile_08,4,825.0,7,0.06812072959299081,3,0.041464791926168316,0,0.0,4,0.15951253255208334,4,0.10916242194898201,3,0.09858466870857008
A1,tile_08,5,127.0,2,0.29959195034233366,2,0.049473900056532176,0,0.0,1,0.395791211466151,1,0.395791211466151,1,0.395791211466151
A1,tile_08,6,683.0,14,0.07155083317107064,6,0.027598178508841522,4,0.018398785672561015,4,0.09199393231907142,3,0.0792169975850453,3,0.0792169975850453
A1,tile_08,7,1156.0,12,0.04076461055696099,6,0.016305844222784395,2,0.0054352814075947975,4,0.11534874991974615,4,0.11534874991974615,4,0.11534874991974615
A1,tile_08,8,1067.0,11,0.05594213722418563,5,0.01472161505899622,3,0.008832969035397731,6,0.14525328960615336,5,0.13707460726994494,4,0.1105756965215338
A1,tile_08,9,1651.0,8,0.015222738478932976,6,0.011417053859199732,5,0.00951421154933311,6,0.04735963522196538,4,0.038691131942998565,4,0.038691131942998565
A1,tile_08,10,1405.0,16,0.03577614409781972,7,0.01565206304279612,5,0.011180045030568658,6,0.11701781792148576,5,0.10111730175086188,2,0.06583804744842638
A1,tile_08,11,676.0,9,0.07384085296899087,2,0.01290924002954386,1,0.004647326410635789,2,0.10430666680872087,1,0.04182593780156423,1,0.04182593780156423
A1,tile_08,12,1079.0,7,0.056614016515107994,5,0.014557889961027772,2,0.005823155984411109,6,0.12099224157748784,3,0.08443576080916212,2,0.05823156234840202
A1,tile_08,13,1736.0,22,0.04122033371645596,11,0.021313928653386972,8,0.0158849090907318,12,0.15140934254167265,8,0.11521587283929921,5,0.06836543984127484
A1,tile_08,14,750.0,9,0.06283185307179588,1,0.0041887902047863905,0,0.0,3,0.06981317647298177,0,0.0,0,0.0
A1,tile_08,15,1294.0,12,0.05988610416425676,7,0.02077130639931428,6,0.018343491365628194,7,0.1354181445916248,4,0.07256469844482044,2,0.02400839568289944
A1,tile_08,16,1511.0,13,0.028646039344446976,10,0.022408595293639966,6,0.012474888101614004,8,0.16309761133200282,7,0.14831256172185225,2,0.06653273839338342
A1,tile_08,17,1094.0,17,0.06158108695336484,12,0.047222802430559555,7,0.02010159833192738,8,0.19240102820248228,6,0.16527981383273108,5,0.13943489813935386
A1,tile_08,18,1585.0,8,0.01938031219880139,2,0.0039641547679366475,1,0.0019820773839683238,8,0.08941372170433261,5,0.059021867336910984,4,0.044927092831969634
A1,tile_08,19,1234.0,23,0.06251503479590713,18,0.049785729068233725,12,0.034510562195025636,9,0.22743029725802774,3,0.0775073281756483,0,0.0
A1,tile_08,20,1380.0,19,0.04502443577608562,14,0.03364185369786172,10,0.024535788035282603,11,0.15606786755548008,4,0.05969532399937726,2,0.018212131831956947
A1,tile_08,21,1006.0,10,0.03122855520466991,4,0.012491422081867964,3,0.009368566561400974,4,0.08223519600172403,3,0.07668345396371769,2,0.05447648201974675
A1,tile_08,22,1077.0,11,0.040837787511845046,8,0.03208683304502109,5,0.014584924111373227,6,0.16788868740297846,4,0.10954898136461234,3,0.08329612143967256
A1,tile_08,23,1381.0,19,0.06723498639109222,11,0.029067757274344377,6,0.013649207763605184,7,0.12612879681984296,4,0.0682460445152686,3,0.052069203392653085
A1,tile_08,24,1397.0,13,0.033232468219791825,10,0.026486027302991974,5,0.01524195910832557,7,0.13417923749133187,5,0.09195150540569635,5,0.09195150540569635
A1,tile_08,25,1447.0,24,0.06585692961913646,16,0.04679942983923982,9,0.03160167685020832,6,0.19226365264070058,2,0.06392706058399382,0,0.0
A1,tile_08,26,1316.0,10,0.028116246308723242,8,0.023341789388374008,8,0.023341789388374008,8,0.15066064527331877,2,0.049070810474523295,2,0.049070810474523295
A1,tile_08,27,1465.0,9,0.020967778044436995,5,0.012390050662621862,1,0.0038123232808067267,6,0.07124279660169582,4,0.05670831569632573,4,0.05670831569632573
A1,tile_08,28,729.0,3,0.012928364829587626,1,0.0043094549431958755,0,0.0,3,0.09385035427182463,1,0.06895128100987816,1,0.06895128100987816
A1,tile_08,29,1070.0,6,0.10569844441984352,2,0.04991315430937055,0,0.0,5,0.12559845826336158,3,0.10569844468731747,2,0.09395417543215172
A1,tile_08,30,1724.0,7,0.014173207382784579,5,0.009111347603218658,3,0.005466808561931194,6,0.04494932134853991,6,0.04494932134853991,4,0.034825599387184374
A1,tile_08,31,835.0,10,0.048911023349302175,3,0.011287159234454346,1,0.0037623864114847824,3,0.057689931721030596,2,0.037205825166074104,2,0.037205825166074104
A1,tile_08,32,1912.0,30,0.04929277176134616,18,0.029575663056807686,10,0.01643092392044871,10,0.12231911375931616,6,0.09456910648106531,3,0.024828954720596888
A1,tile_08,33,1320.0,14,0.03331992208352812,7,0.016659961041764055,6,0.014279966607226332,8,0.1406841162479285,7,0.13116413463245738,5,0.10471975153142755
A1,tile_08,34,722.0,8,0.07687184240085829,5,0.029491713122341858,3,0.020789240397716388,4,0.17259905278847817,5,0.14842551698975287,4,0.1363387490903902
A1,tile_08,35,1455.0,14,0.03190773752786885,10,0.023271056693257724,8,0.01895271627595217,8,0.129550233821279,7,0.09500350689969932,5,0.08300810613992697
A1,tile_08,36,1944.0,13,0.025138487168642615,10,0.020290350357547247,6,0.013826167942753435,7,0.09247373259116592,4,0.06697611553678787,4,0.06697611553678787
A1,tile_08,37,1615.0,19,0.06116757626184463,14,0.03177255728088749,10,0.020965565008476773,11,0.16923752539667183,11,0.16923752539667183,9,0.15843052347378095
A1,tile_08,38,1514.0,11,0.024439220701637905,5,0.011989051664954445,3,0.007838995319393291,8,0.0652481139572325,6,0.05118403567033211,4,0.03965609864168154
A1,tile_08,39,990.0,9,0.028559933214452663,7,0.02221328138901874,3,0.009519977738150888,5,0.13186933729383682,4,0.12305453522036774,3,0.08039093017578125
A1,tile_08,40,1373.0,12,0.031016776218981527,4,0.009152491343306025,4,0.009152491343306025,6,0.0661013298284721,5,0.062033556711039925,4,0.04957600014972061
A1,tile_08,41,426.0,8,0.08194034046921733,3,0.03933136342522432,0,0.0,1,0.11799409355915769,0,0.0,0,0.0
A1,tile_08,42,1509.0,18,0.042332041499663665,9,0.01873713312280195,5,0.010409518401556636,10,0.11149751879348907,6,0.07124737637812448,4,0.03770559271729648
A1,tile_08,43,1632.0,20,0.03849990997046317,9,0.017324959486708418,6,0.011549972991138946,9,0.08170537387623507,4,0.056894321067660465,4,0.056894321067660465
A1,tile_08,44,816.0,8,0.03079992797637052,3,0.011549972991138946,3,0.011549972991138946,4,0.05218877044378543,2,0.0307999288334566,2,0.0307999288334566
A1,tile_08,45,93.0,0,0.0,0,0.0,0,0.0,0,0.0,0,0.0,0,0.0
A1,tile_09,1,543.0,18,0.1407834645255095,7,0.0404993528087082,4,0.02314248731926183,5,0.2057110134848354,0,0.0,0,0.0
A1,tile_09,2,1609.0,26,0.057273700749099224,11,0.027986012866037104,4,0.011281183480883174,9,0.13125225325561296,4,0.07332769930918369,1,0.031240201277937335
A1,tile_09,3,1797.0,25,0.04370607475778791,21,0.036713102796541844,13,0.0227271588740497,11,0.11965754726029929,5,0.06487925024780884,5,0.06487925024780884
A1,tile_09,4,1213.0,27,0.11539604782353279,21,0.0610073868792742,7,0.02014394849787355,4,0.13496445469490673,0,0.0,0,0.0
A1,tile_09,5,1594.0,22,0.044892408614659686,13,0.025621521014220397,8,0.01576708985490486,10,0.14715952376649252,8,0.11737723930866237,3,0.05014810598031191
A1,tile_09,6,1317.0,26,0.10575343531446278,15,0.041877300199712086,12,0.030480313436499304,7,0.18314694670356396,1,0.01696295944596206,1,0.01696295944596206
A1,tile_09,7,1079.0,22,0.14460837361287585,18,0.054672964520304325,13,0.040115074559276535,5,0.16887153575992672,2,0.09317049834328299,0,0.0
A1,tile_09,8,1626.0,30,0.05946570760177485,17,0.0328456796500778,12,0.023185185635349027,10,0.14683954067629054,5,0.0824362272705979,1,0.007728395426845199
A1,tile_09,9,1600.0,26,0.056068702220317866,17,0.03839724354387526,14,0.030979594222899358,12,0.15162549972534178,8,0.12086406707763672,4,0.07788532257080077
A1,tile_09,10,800.0,20,0.0946841119206924,14,0.06414085001079163,11,0.049305551368839816,4,0.18238691329956055,1,0.02138028621673584,0,0.0
A1,tile_09,11,1403.0,32,0.08135747190337078,18,0.04428633027155962,8,0.017913571795237594,5,0.15923176097258107,0,0.0,0,0.0
A1,tile_09,12,1112.0,24,0.2417092669128837,21,0.1735912007828892,13,0.0662346172969071,3,0.09668371488722108,0,0.0,0,0.0
A1,tile_09,13,1054.0,20,0.1463824533930728,17,0.07153531659027992,13,0.044047208826422365,7,0.1904296875,1,0.04769021238728764,0,0.0
A1,tile_09,14,692.0,15,0.08423988008180724,7,0.03985000315247168,4,0.018159495107455452,5,0.1861348455351901,3,0.15536458230432057,1,0.050443048422047165
A1,tile_09,15,1308.0,24,0.06831869854901353,15,0.0467022353362397,12,0.028821950950365074,7,0.20095307236417717,1,0.038429269003211905,0,0.0
A1,tile_09,16,1133.0,21,0.12785730619199406,16,0.044364944799149784,7,0.019409663349628025,4,0.06469888173681597,1,0.04436494603371683,0,0.0
A1,tile_09,17,1456.0,32,0.13929069991877818,23,0.05681909790146378,16,0.04171528706689745,6,0.12802279126513136,0,0.0,0,0.0
A1,tile_09,18,1079.0,22,0.10934592904060862,15,0.08670032243456541,13,0.05758454251250985,5,0.17631222474784958,1,0.0391445495775168,0,0.0
A1,tile_09,19,867.0,19,0.13165459409507402,15,0.07891223376952448,11,0.053547587200748745,5,0.19325444662584704,0,0.0,0,0.0
A1,tile_09,20,1340.0,13,0.03412509433003838,8,0.020579255359336125,3,0.007033416388633865,9,0.0909134252747493,5,0.051838889050839554,2,0.026049693662728836
A1,tile_09,21,1034.0,12,0.041185719292709526,5,0.017554568878859794,3,0.009114872302484893,5,0.08203385461921618,1,0.0408481324894977,0,0.0
A1,tile_09,22,1302.0,16,0.046113153816132825,11,0.03217196777869732,8,0.021179878787642402,6,0.1423609626641105,3,0.06488013670374904,1,0.03860636240875666
A1,tile_09,23,1319.0,18,0.06139748088895898,8,0.029640163187773298,5,0.011908994137944629,11,0.17837029284288525,2,0.02249476943981295,0,0.0
A1,tile_09,24,1439.0,19,0.06355472745274697,13,0.028381309587677078,6,0.013099065963543266,7,0.11182721146616031,3,0.05554974352509881,0,0.0
A1,tile_09,25,463.0,9,0.29553739385821903,7,0.07840788000320098,6,0.07162258269523165,3,0.2653805298115213,1,0.10856475994859864,0,0.0
A1,tile_09,26,1092.0,11,0.03388368144897416,6,0.01949909970176815,4,0.013745267002885746,8,0.10740487654130537,5,0.08918440822279934,3,0.0732015393155835
A1,tile_09,27,1305.0,15,0.05055436454052541,6,0.01631648802630714,4,0.011501786641495199,7,0.15139562380268198,2,0.030225629550743833,1,0.01711894068224677
A1,tile_09,28,1017.0,17,0.10434220110251255,9,0.0332933996938938,8,0.03020432137177994,7,0.20250627635854535,4,0.14724608414761553,2,0.09095620124389288
A1,tile_09,29,1397.0,10,0.02423721366405869,6,0.013492881833599684,5,0.011244068194666404,7,0.10094675270249866,6,0.09694886258779975,6,0.09694886258779975
A1,tile_09,30,883.0,6,0.021347175449081268,4,0.014231450299387511,4,0.014231450299387511,2,0.0762963905204868,2,0.0762963905204868,2,0.0762963905204868
A1,tile_09,31,1393.0,10,0.022552711081046613,4,0.009021084432418645,2,0.004510542216209322,4,0.07743098251441359,2,0.037337270984526424,2,0.037337270984526424
A1,tile_09,32,244.0,8,0.14305977475363357,2,0.04577912792116274,0,0.0,1,0.07009929907126505,0,0.0,0,0.0
A1,tile_09,33,169.0,1,0.018589305642543155,0,0.0,0,0.0,1,0.2974288985574034,1,0.2974288985574034,0,0.0
A1,tile_10,1,837.0,8,0.036699874354958424,2,0.007506792481696041,1,0.0037533962408480203,4,0.13220296880250337,2,0.05671799453498357,1,0.04170440801440459
A1,tile_10,2,731.0,8,0.04536423500395658,1,0.004297664368795887,0,0.0,3,0.11173927735042963,3,0.11173927735042963,3,0.11173927735042963
A1,tile_10,3,395.0,7,0.07423172514811326,2,0.022092775341700375,1,0.007953399123012135,1,0.12725438950937004,1,0.12725438950937004,1,0.12725438950937004
A1,tile_10,4,1399.0,23,0.07535231366723198,13,0.04291588725418508,7,0.015719191261707326,9,0.18239254845816208,6,0.10030342631036678,5,0.09406564642992762
A1,tile_10,5,1328.0,10,0.02733648226015215,4,0.011302584011409062,4,0.011302584011409062,4,0.05703862316637154,4,0.05703862316637154,3,0.047575996582766615
A1,tile_10,6,853.0,4,0.017596520008383628,1,0.0036829925598942477,1,0.0036829925598942477,3,0.08429961299560833,2,0.0695676412280531,2,0.0695676412280531
A1,tile_10,7,1079.0,7,0.02038104594543888,2,0.005823155984411109,2,0.005823155984411109,4,0.09608208459212451,2,0.028792274340752433,2,0.028792274340752433
A1,tile_10,8,868.0,13,0.04986655005698085,5,0.020911779056153258,3,0.010858039125310345,6,0.1584469491984987,2,0.11581908722626998,1,0.05790954361313499
A1,tile_10,9,2634.0,30,0.04704570117372719,14,0.02120369630365169,9,0.011662032967008427,16,0.10562092079388526,13,0.08534489242797018,8,0.05155148864607061
A1,tile_10,10,1046.0,18,0.05873383333671168,6,0.020356612690564838,2,0.006006869318527329,5,0.09310648318230536,1,0.027030912001775736,1,0.027030912001775736
A1,tile_10,11,1402.0,19,0.06299119839580107,14,0.031371110663521475,10,0.022407936188229623,10,0.14291284972012638,4,0.08116652724066066,2,0.03908940150632328
A1,tile_10,12,760.0,8,0.0950745145165332,6,0.024802047265182578,4,0.016534698176788386,6,0.19520131161338405,2,0.08496998234799033,0,0.0
A1,tile_10,13,1039.0,19,0.07861540807828167,10,0.046026969686857204,5,0.01747009068406259,6,0.21031302047303596,2,0.06484091706409031,0,0.0
A1,tile_10,14,1351.0,26,0.06226859359446833,18,0.041856896939020206,9,0.020928448469510096,8,0.16613573007985982,5,0.10696763519354877,1,0.016536060392547767
A1,tile_10,15,1260.0,16,0.06039393284678791,9,0.03352140309385934,8,0.019946620022792336,7,0.12660564846462674,3,0.07258354065910218,2,0.04487989516485305
A1,tile_10,16,1079.0,22,0.12746241432544317,15,0.061143137836316634,11,0.03655647923546974,4,0.12002171754174148,2,0.07278945116780222,0,0.0
A1,tile_10,17,1254.0,15,0.04398118370256844,10,0.027001106450310997,8,0.020042058396107135,9,0.14168625242972488,3,0.07933315782075484,1,0.01781516554252953
A1,tile_10,18,1210.0,17,0.04615746782133766,11,0.030579322431636188,5,0.012981787824751212,8,0.20684316335630812,3,0.06721681957402505,0,0.0
A1,tile_10,19,865.0,17,0.14446887218820118,11,0.06819899273688824,8,0.05730329567241497,6,0.24091599304552022,1,0.040354438737637735,0,0.0
A1,tile_10,20,774.0,10,0.10147263092990289,6,0.02435343142317669,4,0.01623562094878446,7,0.17768986034146883,2,0.07080535001532975,1,0.05456972738261063
A1,tile_10,21,893.0,7,0.030098623158692807,2,0.0070360417773567595,2,0.0070360417773567595,4,0.13642103274218312,2,0.11257667157043935,0,0.0
A1,tile_10,22,345.0,3,0.027318196987737332,2,0.01821213132515822,1,0.00910606566257911,1,0.025294630078301912,0,0.0,0,0.0
A1,tile_10,23,817.0,13,0.07306029426953009,6,0.03460750781188267,4,0.015381114583058962,6,0.18884592978431955,3,0.15594742026731756,1,0.05169763646773638
A1,tile_10,24,230.0,7,0.13810866254911652,1,0.024282841766877627,0,0.0,1,0.21854558198348337,0,0.0,0,0.0
A1,tile_10,25,2289.0,34,0.055051451286147066,16,0.023027061341296968,10,0.013724738547792893,9,0.08372091590811354,5,0.06084634456742846,1,0.007472358660283386
A1,tile_10,26,1456.0,28,0.06592933300802759,22,0.05298320943554216,18,0.04051657192129694,7,0.1292215074811663,2,0.04435246331351144,2,0.04435246331351144
A1,tile_10,27,830.0,10,0.10177582626087416,8,0.030280411118937766,2,0.0075701027797344415,4,0.19640212461172815,1,0.050887914450771836,0,0.0
A1,tile_10,28,111.0,1,0.028302636518826967,1,0.028302636518826967,1,0.028302636518826967,1,0.0786184448379654,1,0.0786184448379654,0,0.0
A1,tile_10,29,3417.0,37,0.036163099514544515,23,0.022576398284503776,18,0.01797939410892608,18,0.11329062765789619,14,0.10399445714328176,12,0.08673015323200176
A1,tile_10,30,1328.0,6,0.014193942712002078,4,0.009462628474668052,3,0.007096971356001039,4,0.07018116296055806,4,0.07018116296055806,3,0.0636098930634648
A1,tile_10,31,1747.0,19,0.03416729274081631,17,0.030570735610204066,7,0.012587949957142845,12,0.14546077839633567,7,0.10509940345558905,6,0.09790628626473508
A1,tile_10,32,1389.0,11,0.038450018078492784,4,0.010806214231210393,3,0.008544448461887287,6,0.10529777246726511,1,0.01231405973606096,1,0.01231405973606096
A1,tile_10,33,132.0,2,0.04759988869075444,1,0.02379994434537722,1,0.02379994434537722,0,0.0,0,0.0,0,0.0
A1,tile_10,34,1371.0,22,0.06416090029213292,8,0.018331685797752257,8,0.018331685797752257,5,0.10133348460792191,3,0.05219438526423459,1,0.009165843153938945
A1,tile_10,35,1143.0,16,0.048863111166945375,8,0.026874711141819947,3,0.013131961126116564,6,0.08062414401263807,1,0.030539448388501,1,0.030539448388501
A1,tile_10,36,1679.0,5,0.009355546913608676,4,0.00748443753088694,3,0.005613328148165205,4,0.02120590891562593,2,0.01268196446757859,2,0.01268196446757859
A1,tile_10,37,990.0,10,0.03173325912716963,4,0.01269330365086785,1,0.0031733259127169626,6,0.0969627457435685,5,0.08814795137655855,2,0.03138067072088068
A1,tile_10,38,763.0,7,0.03522682893933509,2,0.014639721117645752,0,0.0,1,0.029279446383135035,1,0.029279446383135035,0,0.0
A1,tile_10,39,722.0,2,0.012086767673090925,0,0.0,0,0.0,2,0.04834707688096487,1,0.017404945933587664,1,0.017404945933587664
A1,tile_10,40,880.0,7,0.07853981633974481,2,0.007139983303613166,2,0.007139983303613166,7,0.18643292513760654,2,0.11423973603682085,0,0.0
A1,tile_10,41,984.0,0,0.0,0,0.0,0,0.0,0,0.0,0,0.0,0,0.0
A1,tile_10,42,1051.0,1,0.002989146197516454,1,0.002989146197516454,0,0.0,1,0.0119565851227881,1,0.0119565851227881,1,0.0119565851227881
A1,tile_10,43,97.0,3,0.09716265938937504,0,0.0,0,0.0,0,0.0,0,0.0,0,0.0
A1,tile_10,44,439.0,6,0.042937485014894666,6,0.042937485014894666,6,0.042937485014894666,4,0.16061801084896427,4,0.16061801084896427,3,0.1319930178700927
A1,tile_10,45,404.0,10,0.08381036507101483,10,0.08381036507101483,9,0.07603414563143614,6,0.34820186501682393,5,0.326601236173422,4,0.20218171223555462
A1,tile_10,46,195.0,0,0.0,0,0.0,0,0.0,0,0.0,0,0.0,0,0.0
A1,tile_10,47,179.0,2,0.03510159389485802,1,0.01755079694742901,1,0.01755079694742901,1,0.23596072063765713,1,0.23596072063765713,1,0.23596072063765713
A1,tile_10,48,55.0,0,0.0,0,0.0,0,0.0,0,0.0,0,0.0,0,0.0
A1,tile_11,1,1616.0,28,0.05594557874585787,14,0.02721676803852544,6,0.011664329159368044,7,0.10778704728230391,3,0.03672103834624338,2,0.03132088585655288
A1,tile_11,2,895.0,11,0.0756634357289162,4,0.044852036643429696,2,0.03510159389485802,6,0.1953989039586243,2,0.06123278314174887,1,0.04719214412753142
A1,tile_11,3,1185.0,5,0.013255665205020225,4,0.010604532164016179,3,0.007953399123012135,5,0.04330184228309599,4,0.03593758369799908,4,0.03593758369799908
A1,tile_11,4,1158.0,20,0.10309198690536456,13,0.035268311309729974,7,0.018990629166777677,7,0.14016894931826154,3,0.07897690952544797,0,0.0
A1,tile_11,5,1292.0,13,0.03539289969214508,7,0.01891223647671874,3,0.007294719783877229,9,0.10482784542875025,6,0.08159280782882643,3,0.04430867422475904
A1,tile_11,6,1574.0,23,0.08538141829959554,18,0.04546283312056387,10,0.023507611272096433,8,0.17542000253136913,3,0.03681380866897758,0,0.0
A1,tile_11,7,1142.0,18,0.06204935869612066,13,0.03790207132176828,7,0.02139633058486919,6,0.16780837237730545,3,0.09903444467200498,0,0.0
A1,tile_11,8,1215.0,7,0.018099710761422676,4,0.0103426918636701,1,0.002585672965917525,6,0.08676369121535815,5,0.07642100141862783,3,0.03476293744373714
A1,tile_11,9,1240.0,20,0.07544326444104524,9,0.027305957652169345,6,0.01970533026445211,6,0.14187838646673387,1,0.04053668052919449,0,0.0
A1,tile_11,10,289.0,1,0.010870562815189595,0,0.0,0,0.0,1,0.030196011685170103,1,0.030196011685170103,0,0.0
A1,tile_11,11,1149.0,16,0.04374715618575866,10,0.027341972616099157,6,0.016405183569659493,8,0.1409630704901341,4,0.07716512389552396,0,0.0
A1,tile_11,12,1069.0,20,0.08685829392525571,14,0.043429146962627854,10,0.03167388913815715,7,0.19788018736023005,4,0.09567474136852125,3,0.05289866748092551
A1,tile_11,13,1131.0,14,0.053393803818747844,8,0.02438214162821433,3,0.008333137012174517,6,0.11573802297037329,3,0.05956650117558784,2,0.0484556506736209
A1,tile_11,14,1201.0,17,0.11015483538815168,12,0.06830181086072731,8,0.053188218670268496,8,0.17322504073753642,2,0.056094681789833345,0,0.0
A1,tile_11,15,53.0,0,0.0,0,0.0,0,0.0,0,0.0,0,0.0,0,0.0
A1,tile_11,16,1400.0,24,0.07829048358945993,12,0.026927937030769657,6,0.013463968515384828,7,0.11743572780064174,1,0.012217306409563337,1,0.012217306409563337
A1,tile_11,17,1737.0,15,0.028536183509866992,9,0.016277682142952297,4,0.0072345253968676875,13,0.12780996266630235,10,0.11233610988829969,6,0.0707375806985261
A1,tile_11,18,698.0,9,0.10001886830913062,4,0.02150405668646309,3,0.013502547221732636,3,0.10902057199560126,2,0.03700698480906664,1,0.024504626036373454
A1,tile_11,19,1030.0,21,0.06642418124094926,12,0.03660107945929856,5,0.015250449774707733,3,0.11929241291527609,2,0.09760288127417703,1,0.048801440637088515
A1,tile_11,20,895.0,11,0.054212461682058496,8,0.028081275115886418,3,0.010530478168457407,8,0.22426023003775314,2,0.08112368450484463,0,0.0
A1,tile_11,21,1729.0,11,0.019986997796117827,2,0.0036339995992941505,2,0.0036339995992941505,3,0.029475775255916985,2,0.026245554035422843,2,0.026245554035422843
A1,tile_11,22,872.0,8,0.09126951134282274,2,0.012809755977940034,0,0.0,5,0.1653259347338195,3,0.14090732259487887,3,0.14090732259487887
A1,tile_11,23,908.0,15,0.06612260602269267,6,0.02345045911269914,2,0.006919807607025976,5,0.19875226461939874,3,0.12955417717080808,0,0.0
A1,tile_11,24,1155.0,10,0.027199936394716823,3,0.008159980918415048,1,0.002719993639471682,5,0.06981317429315476,3,0.03777769344709652,2,0.030222155418230857
A1,tile_11,25,1053.0,7,0.020884281647795395,3,0.008950406420483741,3,0.008950406420483741,3,0.057017410582626646,3,0.057017410582626646,2,0.04508353411755105
A1,tile_11,26,750.0,11,0.06515895874112164,6,0.02839068916577443,2,0.011635528346628864,5,0.15405440266927084,2,0.08982628377278645,2,0.08982628377278645
A1,tile_11,27,280.0,0,0.0,0,0.0,0,0.0,0,0.0,0,0.0,0,0.0
A1,tile_11,28,888.0,12,0.042453954778240446,9,0.03184046608368034,4,0.014151318259413483,4,0.10023850793237085,3,0.08097699311402468,1,0.019261519114176433
A1,tile_11,29,1189.0,14,0.041101109382540996,10,0.0305322526841733,5,0.0132110708729596,9,0.1535420076901217,7,0.1250648081453033,4,0.06488103842514718
A1,tile_11,30,1220.0,14,0.03605106323791567,8,0.020600607564523234,4,0.010300303782261617,7,0.09985573565373655,5,0.07868288384109247,5,0.07868288384109247
A1,tile_11,31,63.0,2,0.09973310011396169,1,0.049866550056980846,0,0.0,0,0.0,0,0.0,0,0.0
A1,tile_11,32,746.0,4,0.016845000823537765,2,0.008422500411768882,0,0.0,4,0.11323585203441794,2,0.05474625451954696,2,0.05474625451954696
A1,tile_11,33,900.0,13,0.06360755496157112,4,0.013962634015954637,3,0.010471975511965976,6,0.16561236911349828,1,0.03878509945339627,1,0.03878509945339627
A1,tile_11,34,801.0,2,0.00784417641345766,2,0.00784417641345766,0,0.0,2,0.07887755738066675,2,0.07887755738066675,1,0.043578763430782326
A1,tile_11,35,1124.0,7,0.021738976448327948,2,0.005590022515284329,1,0.0027950112576421646,6,0.13136553509803853,4,0.10838432583520421,2,0.05590022755687347
A1,tile_11,36,900.0,6,0.020943951023931952,0,0.0,0,0.0,4,0.06593466864691841,2,0.032967334323459205,1,0.013962634404500325
A1,tile_11,37,1669.0,5,0.010875628652331352,4,0.008993308308658618,4,0.008993308308658618,3,0.023842726445183773,2,0.018614058725986742,2,0.018614058725986742
A1,tile_11,38,1350.0,12,0.039819363675129886,3,0.006981317007977318,1,0.0023271056693257726,7,0.13031792534722222,2,0.053781998245804395,0,0.0
A1,tile_11,39,1095.0,8,0.03028425186108882,5,0.021677148700568843,4,0.01657664312396441,5,0.07363855370647832,4,0.06566901359383918,4,0.06566901359383918
A1,tile_11,40,1457.0,17,0.051509373943552636,11,0.03689508645259119,4,0.008624825404501834,10,0.15428857011343408,5,0.10469580907566382,3,0.05845715399056816
A1,tile_11,41,363.0,3,0.025963575649502423,1,0.008654525216500808,1,0.008654525216500808,2,0.058658452730205105,1,0.03461810182933965,1,0.03461810182933965
A1,tile_11,42,1200.0,10,0.028216156240574993,5,0.015126186850617522,4,0.01250819297262603,6,0.0965748914082845,3,0.0747582753499349,2,0.03287037213643392
A1,tile_11,43,1276.0,5,0.012310316040712355,3,0.007386189624427413,1,0.002462063208142471,3,0.029544758572473795,3,0.029544758572473795,2,0.019696506213244973
A1,tile_11,44,956.0,5,0.01643092392044871,3,0.009858554352269224,3,0.009858554352269224,4,0.07120067005875719,4,0.07120067005875719,3,0.04783224560725639
A1,tile_11,45,44.0,1,0.07139983303613166,0,0.0,0,0.0,0,0.0,0,0.0,0,0.0
A1,tile_12,1,728.0,11,0.04746911976577984,3,0.012946123572485412,1,0.004315374524161804,6,0.1208304939689217,3,0.05801781979235974,2,0.040756319905375385
A1,tile_12,2,760.0,9,0.08864435411444882,4,0.016534698176788386,3,0.012401023632591289,4,0.17177716305381374,1,0.045929723036916635,0,0.0
A1,tile_12,3,1009.0,17,0.07749331069310798,8,0.027330230110515764,3,0.009340711556758552,6,0.09721259579313522,3,0.05085499199223589,1,0.016951663997411964
A1,tile_12,4,302.0,2,0.02080524936152181,0,0.0,0,0.0,1,0.05663651977943269,0,0.0,0,0.0
A1,tile_12,5,929.0,12,0.12549837893780538,10,0.03644713400289558,7,0.02630205546600712,6,0.13376473713229112,3,0.10896565711408436,3,0.10896565711408436
A1,tile_12,6,128.0,7,0.1908953869368798,0,0.0,0,0.0,0,0.0,0,0.0,0,0.0
A1,tile_12,7,1339.0,27,0.15067965760309518,26,0.11314008892689155,15,0.08733163546200158,4,0.10896902960391967,1,0.01277388272844561,0,0.0
A1,tile_12,8,934.0,3,0.010090768694613896,1,0.0033635895648712988,1,0.0033635895648712988,2,0.027656183508274642,1,0.009343305542841714,1,0.009343305542841714
A1,tile_12,9,800.0,10,0.039269908169872414,4,0.015707963267948967,2,0.007853981633974483,6,0.15271631240844727,0,0.0,0,0.0
A1,tile_12,10,1075.0,11,0.039614915115034094,6,0.025002856261128067,4,0.013962634015954637,5,0.17047403025072674,2,0.07176144622093024,2,0.07176144622093024
A1,tile_12,11,1267.0,26,0.08568230424155274,16,0.05151958486549955,10,0.02479552212778053,6,0.14601809675522273,4,0.1292122326785406,1,0.022315969971473892
A1,tile_12,12,983.0,4,0.03444495166702949,0,0.0,0,0.0,4,0.10653078034595943,3,0.08913075475217368,1,0.028763310227728812
A1,tile_12,13,418.0,9,0.07933314781792407,2,0.01503154379708035,2,0.01503154379708035,1,0.10104538036875747,1,0.10104538036875747,1,0.10104538036875747
A1,tile_12,14,1429.0,25,0.12653331735942094,20,0.04396910641833163,10,0.021984553209165803,8,0.15975442810272153,0,0.0,0,0.0
A1,tile_12,15,1002.0,16,0.05260373593835207,9,0.028217898086135867,6,0.01881193205742391,6,0.20832474455386102,0,0.0,0,0.0
A1,tile_12,16,984.0,7,0.04611642332505341,2,0.015963377304826186,2,0.0063853509219304735,5,0.13373764162141133,2,0.04150478238981914,1,0.028734079221399818
A1,tile_12,17,843.0,3,0.011180045030568658,0,0.0,0,0.0,3,0.07660401730067931,1,0.059626908488969364,0,0.0
A1,tile_12,18,343.0,9,0.24119127272458085,1,0.009159162255363828,0,0.0,2,0.13229901728060087,0,0.0,0,0.0
A1,tile_12,19,1218.0,23,0.05932399920571862,13,0.03353095607279746,10,0.025793043132921127,6,0.14358127136731577,0,0.0,0,0.0
A1,tile_12,20,1242.0,17,0.04496822549421785,9,0.024732524021819805,5,0.012647313420248765,6,0.13096997050655446,3,0.0722302177294057,1,0.013771520912551266
A1,tile_12,21,710.0,2,0.008849556770675473,1,0.004424778385337736,0,0.0,1,0.024090463342800947,0,0.0,0,0.0
A1,tile_12,22,900.0,2,0.006981317007977318,1,0.003490658503988659,1,0.003490658503988659,1,0.03141592661539713,1,0.03141592661539713,1,0.03141592661539713
A1,tile_12,23,717.0,1,0.004381579712119656,0,0.0,0,0.0,1,0.012171056313827281,0,0.0,0,0.0
A1,tile_12,24,1193.0,20,0.0798784385237975,9,0.02574836113587611,6,0.017848295787368667,9,0.10065269630093186,1,0.014337157563611628,1,0.014337157563611628
A1,tile_12,25,746.0,11,0.05287458591832687,8,0.03369000164707553,4,0.016845000823537765,5,0.19137792101494427,3,0.10715292350216782,0,0.0
A1,tile_12,26,808.0,3,0.011664329159368044,3,0.011664329159368044,1,0.0038881097197893478,3,0.09893079323343712,2,0.08337835746236366,2,0.08337835746236366
A1,tile_12,27,1108.0,13,0.041270420940660135,9,0.02772364154792437,3,0.010711406961698052,6,0.11719539105246644,3,0.09640266060398804,2,0.07088431210294097
A1,tile_12,28,505.0,10,0.10644780388401058,3,0.028339999735353474,1,0.006220975551662957,2,0.11681609956344756,0,0.0,0,0.0
A1,tile_12,29,1961.0,15,0.028836648528616164,10,0.01602036029367564,3,0.004806108088102693,10,0.10911647207210527,3,0.04165293816581543,2,0.03026068228838822
A1,tile_12,30,875.0,4,0.014361566416410483,3,0.010771174812307861,2,0.007180783208205242,4,0.09694057791573661,2,0.07699395751953125,1,0.01954769025530134
A1,tile_12,31,993.0,14,0.04429234355514311,7,0.02214617177757155,7,0.02214617177757155,5,0.19263655709596078,1,0.035152658114860666,1,0.035152658114860666
A1,tile_12,32,1188.0,13,0.03849126801536316,8,0.02115550608477975,6,0.015866629563584814,6,0.1319281067511048,2,0.04818754806261673,2,0.04818754806261673
A1,tile_12,33,877.0,10,0.06089746306844524,2,0.0071644074198170885,1,0.0035822037099085442,5,0.08995311915398732,2,0.0672658270006169,1,0.0573152609534791
A1,tile_12,34,1371.0,6,0.013748764348314194,5,0.01145730362359516,3,0.006874382174157097,3,0.04430157906986518,2,0.037936410270930206,2,0.037936410270930206
A1,tile_12,35,945.0,16,0.05910109636382915,7,0.023271056693257727,3,0.009973310011396168,6,0.1558791549117477,3,0.08606598061859293,0,0.0
A1,tile_12,36,930.0,14,0.052547547371872304,8,0.029651830302699363,4,0.01613960383564649,4,0.13962635327410955,0,0.0,0,0.0
A1,tile_12,37,660.0,7,0.03331992208352811,1,0.004759988869075444,0,0.0,2,0.0513021064527107,0,0.0,0,0.0
A1,tile_12,38,948.0,17,0.06480547433565445,9,0.03571665346908227,6,0.025774904565317103,6,0.18484289434891713,2,0.07106509792150828,0,0.0
A1,tile_12,39,1031.0,10,0.032841306972541215,4,0.012188526299087461,4,0.012188526299087461,6,0.1215466962753281,4,0.10089391787923967,3,0.07922542361121636
A1,tile_12,40,1169.0,9,0.02836719913421066,4,0.012839890134432194,4,0.012839890134432194,5,0.11107999020095968,4,0.09644848225563382,3,0.053449779213545566
A1,tile_12,41,1243.0,12,0.039315542281449095,7,0.017691994026652093,3,0.007582283154279468,6,0.15670053324005054,3,0.08649420028526938,2,0.04605535567046554
A1,tile_12,42,1117.0,15,0.06156309089398083,9,0.02531274295640836,7,0.01968768896609539,6,0.1618765725978486,3,0.10531351197054051,1,0.045000433174754856
A1,tile_12,43,1462.0,21,0.05467584113634768,12,0.02578598621277532,8,0.017190657475183547,9,0.1554322040521332,4,0.07091145965534425,3,0.0623161326354897
A1,tile_12,44,913.0,9,0.07684801306700115,6,0.06652514564009053,2,0.006881911617940401,5,0.17969438567480148,2,0.10131703906356962,1,0.04626174040979258
A1,tile_12,45,908.0,7,0.02691036291621213,5,0.01729951901756494,3,0.010379711410538964,6,0.1268631519199993,5,0.07150468532209354,2,0.03844338051548088
A1,tile_12,46,1808.0,16,0.04247482692906554,6,0.011777111103059082,3,0.0065642914344919475,7,0.08282592233303374,5,0.05019753380159361,4,0.04073722805597086
A1,tile_12,47,1200.0,17,0.08377580409572782,16,0.04188790204786392,12,0.031415926535897934,6,0.10471976598103841,3,0.05643231709798177,2,0.03287037213643392
A1,tile_12,48,325.0,1,0.00966643893412244,0,0.0,0,0.0,0,0.0,0,0.0,0,0.0
A1,tile_12,49,1614.0,16,0.031143421596924847,4,0.00778585539923121,1,0.0019464638498078025,5,0.07504699782663414,4,0.0696401536981708,2,0.05233825154168603
A1,tile_12,50,932.0,9,0.1426975203883776,5,0.022846584629110323,2,0.006741615136458784,7,0.1367049646991517,1,0.030337268190834144,0,0.0
A1,tile_12,51,1851.0,11,0.01866964840058764,4,0.006788963054759142,2,0.003394481527379571,8,0.05374596017170828,5,0.039602286876181794,4,0.0348877291110063
A1,tile_12,52,1572.0,13,0.04441041353675139,5,0.009992343045769063,2,0.0039969372183076245,7,0.11280246181342438,1,0.026868300886857904,0,0.0
A1,tile_12,53,396.0,1,0.007933314781792407,0,0.0,0,0.0,2,0.06522948332507202,0,0.0,0,0.0
A1,tile_12,54,418.0,3,0.022547315695620525,2,0.01503154379708035,1,0.007515771898540175,2,0.1352838945160642,1,0.0676419472580321,0,0.0
A1,tile_12,55,596.0,9,0.04744015752065124,7,0.03689790029383985,6,0.03162677168043416,4,0.21084515360377779,2,0.10542257680188889,1,0.08433806016141136
A1,tile_13,1,521.0,12,0.09245890087340404,3,0.018089784953492092,0,0.0,4,0.12796847879772222,2,0.0710191561942366,1,0.01674980302689858
A1,tile_13,2,738.0,12,0.09743572517908723,2,0.008513801229240631,1,0.004256900614620316,4,0.16696510211562077,2,0.09128687375283176,0,0.0
A1,tile_13,3,502.0,7,0.04867452097195341,1,0.011125604793589351,0,0.0,0,0.0,0,0.0,0,0.0
A1,tile_13,4,2415.0,32,0.04263951381683872,17,0.02211473089483499,8,0.010406932185804697,13,0.12141422879868659,7,0.08065373833381859,0,0.0
A1,tile_13,5,1007.0,16,0.05234254559109113,8,0.02738451060725959,5,0.015598771864894702,6,0.17886593467310855,1,0.04991607135670424,0,0.0
A1,tile_13,6,1348.0,26,0.06473773189889949,16,0.0372889335737661,9,0.020975025135243425,7,0.19757956213342684,4,0.10202667055214902,0,0.0
A1,tile_13,7,951.0,12,0.052121294171018885,5,0.016517311533069363,3,0.009910386919841618,6,0.15085812798308523,1,0.013213849594164346,0,0.0
A1,tile_13,8,1141.0,19,0.0985093810941585,14,0.038547149123801146,7,0.019273574561900573,6,0.19487727012266515,2,0.05170212995577653,0,0.0
A1,tile_13,9,550.0,6,0.061562522706709075,5,0.03871457613514695,1,0.005711986642890533,3,0.18595692027698862,2,0.1548583152077415,2,0.1548583152077415
A1,tile_13,10,682.0,10,0.11516102102601884,6,0.09673525766185581,5,0.02303220420520376,5,0.23799945462134578,2,0.1474061110152527,2,0.1474061110152527
A1,tile_13,11,260.0,6,0.16513499845792504,1,0.01208304866765305,0,0.0,1,0.1933287840623122,1,0.1933287840623122,0,0.0
A1,tile_13,12,1111.0,8,0.03110487775831478,1,0.0028277161598467986,0,0.0,6,0.08388891486194518,2,0.031419072464497426,2,0.031419072464497426
A1,tile_13,13,950.0,11,0.18518861958002988,11,0.0389484001497682,6,0.022413701972979812,5,0.14146352667557566,3,0.11904982717413651,1,0.013227758909526623
A1,tile_13,14,256.0,2,0.02454369260617026,2,0.02454369260617026,2,0.02454369260617026,2,0.36133772134780884,2,0.36133772134780884,2,0.36133772134780884
A1,tile_13,15,1283.0,15,0.07726788894253932,9,0.025846652991342367,7,0.020949392424561713,8,0.16133755143508258,1,0.00680175165784424,0,0.0
A1,tile_13,16,838.0,11,0.044153914250930536,4,0.014995668990882068,2,0.007497834495441034,5,0.17120055424000596,2,0.0803934520639497,0,0.0
A1,tile_13,17,1310.0,18,0.04689739669480949,11,0.030110260377917444,7,0.016787136316892024,9,0.13003369979276003,6,0.08686676607787154,2,0.022649313657338382
A1,tile_13,18,1006.0,15,0.07113170907730369,8,0.027411731790765812,4,0.012491422081867964,6,0.1717570856598689,4,0.15440787283137114,3,0.1419164456619657
A1,tile_13,19,1365.0,23,0.0588169564774646,14,0.03222146311374147,10,0.02301533079552962,8,0.17133637033539378,5,0.13937062693166208,2,0.028897030449612237
A1,tile_13,20,1495.0,22,0.10787185477209096,14,0.08942623458378975,17,0.055336860564903854,5,0.11767838391970631,1,0.033622397228228205,0,0.0
A1,tile_13,21,378.0,6,0.049866550056980846,4,0.033244366704653895,2,0.016622183352326948,4,0.2955055034980572,1,0.1329774705190507,0,0.0
A1,tile_13,22,492.0,5,0.07094834357700527,3,0.05817764173314432,3,0.019156052765791423,4,0.18020879543893706,3,0.16885706273520865,1,0.057468158442799636
A1,tile_13,23,986.0,5,0.015930997229157164,3,0.0095585983374943,2,0.006372398891662866,3,0.038942441495388565,2,0.030091887313502312,2,0.030091887313502312
A1,tile_13,24,823.0,10,0.10518630728908718,8,0.033506928531604384,5,0.02205519346384086,2,0.0665897216426066,1,0.05132073996857913,0,0.0
A1,tile_13,25,1085.0,9,0.02831133164525364,7,0.022520377445088124,2,0.005790954200165517,6,0.10745436848583309,6,0.10745436848583309,3,0.058231265863515264
A1,tile_13,26,512.0,2,0.030679615757712823,1,0.02454369260617026,1,0.006135923151542565,2,0.07908524572849274,1,0.06817693263292313,1,0.06817693263292313
A1,tile_13,27,615.0,5,0.025541403687721894,2,0.010216561475088757,1,0.005108280737544379,2,0.12770702082936355,1,0.04597452675423971,1,0.04597452675423971
A1,tile_13,28,1469.0,13,0.031128404630531948,8,0.01877209134207652,6,0.014494905972995794,9,0.14209763414604962,5,0.10431581293343686,2,0.05797962788581199
A1,tile_13,29,967.0,10,0.040790528536785775,8,0.028517272162885632,7,0.02274162210457968,4,0.10035191943258386,2,0.06966878265728009,2,0.06966878265728009
A1,tile_13,30,1479.0,7,0.014868930747213354,3,0.006372398891662866,3,0.006372398891662866,5,0.0830772043967102,4,0.04909107860799897,3,0.04059454587120072
A1,tile_13,31,1463.0,24,0.05869459958859948,16,0.03984552085892729,11,0.027438532328003817,7,0.09066646260426457,1,0.023859596382813836,1,0.023859596382813836
A1,tile_13,32,1173.0,3,0.022021204543491962,2,0.0074395961295580975,1,0.0047613415229171814,4,0.0871920638478727,2,0.061897440436347775,1,0.019045368789711876
A1,tile_13,33,1735.0,20,0.03621432453705815,12,0.02172859472223488,6,0.01086429736111744,10,0.100796552762518,8,0.07947033269261077,4,0.04748100698509546
A1,tile_13,34,1099.0,9,0.025727328373346806,5,0.014292960207414891,5,0.014292960207414891,5,0.12291945925184117,4,0.11497892565462565,4,0.11497892565462565
A1,tile_13,35,102.0,4,0.14715521144265917,1,0.05475542751354759,0,0.0,0,0.0,0,0.0,0,0.0
A1,tile_13,36,802.0,5,0.02263269852960228,1,0.003917197822431164,0,0.0,3,0.1192569114323566,1,0.03525478049109404,1,0.03525478049109404
A1,tile_13,37,1172.0,8,0.023529182748729015,4,0.01072215922726892,2,0.00536107961363446,5,0.06433296203613281,2,0.03484701866175941,1,0.024124858322403943
A1,tile_13,38,898.0,13,0.04820062967645811,7,0.02721003288187151,1,0.003498432799097765,5,0.09523511517021332,4,0.05169906701170787,2,0.027987463171604218
A1,tile_13,39,1242.0,12,0.0342882719393411,6,0.01911149583504258,3,0.00955574791752129,5,0.14951936288732262,2,0.05845869374543956,1,0.04047140407101544
A1,tile_13,40,1176.0,7,0.0234491515148898,3,0.00801426697344335,1,0.0026714223244811166,4,0.040071338212408984,3,0.032650720505487354,3,0.032650720505487354
A1,tile_13,41,1466.0,11,0.029049136254203033,5,0.010714845339665052,2,0.00428593813586602,5,0.07976607964113659,3,0.06786069570752153,1,0.015238893308548452
A1,tile_13,42,2038.0,6,0.0092490460851515,4,0.006166030723434334,3,0.00462452304257575,3,0.016614028586255672,3,0.016614028586255672,3,0.016614028586255672
A1,tile_13,43,1713.0,12,0.02200765431586545,6,0.011003827157932725,2,0.003667942385977575,7,0.05868707980875794,4,0.041162467462168895,3,0.031177511844312108
A1,tile_13,44,1673.0,4,0.008971806077197391,3,0.007093986200574681,3,0.007093986200574681,3,0.03421805564757243,3,0.03421805564757243,2,0.02670677536202275
A1,tile_13,45,1347.0,14,0.04042633456735195,6,0.01814002192124767,5,0.015807733388515828,6,0.09121840037322522,4,0.07541066872781528,3,0.06271264884059484
A1,tile_13,46,1336.0,11,0.025866406578957876,5,0.011757457535889944,4,0.009405966028711955,5,0.09771753642373457,5,0.09771753642373457,4,0.060093674117219664
A1,tile_13,47,916.0,0,0.0,0,0.0,0,0.0,0,0.0,0,0.0,0,0.0
A1,tile_13,48,1218.0,4,0.01031721725316845,1,0.0025793043132921125,0,0.0,4,0.03811638930748249,1,0.010317217540271177,1,0.010317217540271177
A1,tile_13,49,846.0,3,0.03383380583062293,0,0.0,0,0.0,2,0.07963323029502345,1,0.02021776474395824,1,0.02021776474395824
A1,tile_13,50,536.0,6,0.03516708194316932,4,0.023444721295446218,2,0.011722360647723109,4,0.08661522082428434,1,0.023444721947855025,1,0.023444721947855025
A1,tile_13,51,825.0,3,0.011423973285781066,2,0.007615982190520711,1,0.0038079910952603553,2,0.044849673184481534,1,0.0105777543963808,0,0.0
A1,tile_14,1,338.0,11,0.17453292519943295,5,0.0702262657607186,2,0.018589305642543155,3,0.3180837010490824,1,0.06609531831459181,0,0.0
A1,tile_14,2,1011.0,17,0.06905358069215942,8,0.024859289049177394,6,0.018644466786883047,3,0.08320956508436496,1,0.027966700251095374,0,0.0
A1,tile_14,3,95.0,3,0.18371886863098208,0,0.0,0,0.0,0,0.0,0,0.0,0,0.0
A1,tile_14,4,2686.0,63,0.10734489666026177,41,0.05185304330199089,29,0.03482861053868061,8,0.11215332667506282,0,0.0,0,0.0
A1,tile_14,5,1594.0,30,0.10095317254321025,20,0.05321392826030391,14,0.032629116505289234,8,0.1567949608547924,0,0.0,0,0.0
A1,tile_14,6,1354.0,22,0.05645895216938823,11,0.029131788105666065,7,0.018046240419439155,9,0.1997976824311069,5,0.11266011360653042,1,0.016499422149432817
A1,tile_14,7,337.0,7,0.12222483782512221,2,0.07561367085791457,1,0.06629143746447305,3,0.3356004030131445,1,0.14915573844570082,1,0.14915573844570082
A1,tile_14,8,613.0,12,0.07744364707054774,3,0.01537484169782933,3,0.01537484169782933,3,0.18449810084083146,2,0.10249894906023782,0,0.0
A1,tile_14,9,2227.0,29,0.04561210707951056,16,0.02617602021401464,5,0.007053418620542868,9,0.06818305273788308,4,0.0377749788638022,0,0.0
A1,tile_14,10,777.0,15,0.13612220420959636,5,0.02021616894201926,2,0.008086467576807704,4,0.15184589518543376,0,0.0,0,0.0
A1,tile_14,11,1664.0,35,0.0902033147064377,28,0.07027467541082941,19,0.041745254945537456,5,0.10866354062007023,2,0.04719940974162175,0,0.0
A1,tile_14,12,1143.0,21,0.09925319455785778,12,0.03725812226479584,5,0.018018272242811103,6,0.10688805767870325,2,0.05894113108450555,1,0.04397680127401677
A1,tile_14,13,1022.0,9,0.04645103292979038,5,0.015369827072357109,1,0.0030739654144714217,7,0.12295862933194333,4,0.0707012109327223,2,0.049866551289119834
A1,tile_14,14,1356.0,26,0.10193958462975733,18,0.043504519703103504,8,0.018534469932683144,5,0.09009811941501314,2,0.057920219623937015,0,0.0
A1,tile_14,15,1661.0,33,0.07313360381625851,23,0.05127758428496286,19,0.04371203906259129,5,0.11957765472430483,3,0.07229299160603082,0,0.0
A1,tile_14,16,895.0,14,0.07137324091954467,6,0.023791080306514882,2,0.009750442748571675,4,0.1322160092146037,2,0.0752734221559663,2,0.0752734221559663
A1,tile_14,17,1130.0,20,0.06270828993891134,9,0.029964059724504416,5,0.018843377764894528,10,0.15723409737105917,6,0.0800071378724765,4,0.061163762185425886
A1,tile_14,18,273.0,8,0.1304202078413345,2,0.05242380903426191,1,0.031965737216013354,1,0.10356898884196858,1,0.10356898884196858,1,0.10356898884196858
A1,tile_14,19,860.0,14,0.05114220598867106,9,0.032877132421288535,6,0.021918088280859022,5,0.1794036155523256,3,0.11040222700252089,3,0.11040222700252089
A1,tile_14,20,1233.0,27,0.09625497902320718,18,0.06879399971364511,13,0.05605437013704415,6,0.14636419811388002,1,0.018118586853472857,0,0.0
A1,tile_14,21,1316.0,11,0.026259513061920762,5,0.011936142300873075,1,0.002387228460174615,5,0.08859270321924273,2,0.049070810474523295,1,0.0169758492327751
A1,tile_14,22,1369.0,20,0.04997582664585664,15,0.03850178481389975,10,0.022948083663913755,9,0.20678775583940148,5,0.13207898582308025,0,0.0
A1,tile_14,23,1183.0,16,0.05075175508757814,8,0.023310399139062053,5,0.013278075458959397,6,0.10091338234237968,4,0.08556983154503249,4,0.08556983154503249
A1,tile_14,24,1742.0,33,0.0673284303869225,19,0.038874153259115966,11,0.023043956828857397,6,0.12884578420155085,2,0.02564892949521473,1,0.012824464747607366
A1,tile_14,25,1248.0,15,0.07747695557731239,14,0.0397174284908966,12,0.030207621669132625,8,0.15886973112057418,2,0.053982141690376476,1,0.013705311677394768
A1,tile_14,26,144.0,3,0.3926990816987242,2,0.37088246604879505,1,0.02181661564992912,3,1.0471975538465712,1,0.15514039993286133,0,0.0
A1,tile_15,1,445.0,12,0.13962634015954636,4,0.028239035088447578,3,0.021179276316335684,1,0.11295614349708129,0,0.0,0,0.0
A1,tile_15,2,725.0,22,0.17477366026867355,9,0.03899908121697674,9,0.03899908121697674,3,0.16225543844288792,1,0.0693317018706223,0,0.0
A1,tile_15,3,582.0,9,0.0773702658100579,4,0.029988475120177487,1,0.005397925521631947,4,0.14154561360677084,2,0.04318340537474327,2,0.04318340537474327
A1,tile_15,4,1350.0,22,0.054816266877451565,17,0.04318073853082269,14,0.03619942152284537,8,0.14634911431206596,4,0.10213409423828125,2,0.0685203382703993
A1,tile_15,5,1096.0,13,0.12771478650542448,11,0.07898570337492584,7,0.022294351759051655,7,0.18504312612714557,2,0.09172533550401674,0,0.0
A1,tile_15,6,633.0,8,0.03970417255721698,4,0.01985208627860849,3,0.014889064708956366,3,0.08547426437691301,2,0.07168809309201594,2,0.07168809309201594
A1,tile_15,7,1398.0,27,0.07965093439001306,21,0.05068695824819013,13,0.030961491737810716,9,0.2019987965858034,3,0.10212299308722282,0,0.0
A1,tile_15,8,1222.0,16,0.05084592583551403,7,0.02570861418649585,5,0.012854307093247926,6,0.10597663542252711,2,0.07569759137891903,1,0.034563804414190366
A1,tile_15,9,992.0,17,0.06193103797399237,11,0.042929469504699246,6,0.02146473475234962,5,0.19177510661463584,3,0.09852666239584645,1,0.012667712665373278
A1,tile_15,10,1211.0,24,0.07609693187886098,15,0.04813707433246129,9,0.027959857546399663,8,0.19341306426523147,5,0.11933383579395902,3,0.0671613143555494
A1,tile_15,11,1038.0,11,0.05918650257244741,7,0.04169958135786067,1,0.003026582517909242,9,0.19134730226961405,6,0.10727554938696712,6,0.10727554938696712
A1,tile_15,12,1442.0,34,0.14112717807388264,25,0.05616038647193961,15,0.03437402965092854,7,0.15540936981920728,1,0.008714542970908663,0,0.0
A1,tile_15,13,1048.0,21,0.09992343045769064,10,0.029977029137307185,5,0.014988514568653593,8,0.17619834783423038,1,0.016320829173080795,0,0.0
A1,tile_15,14,707.0,9,0.051347734712138694,1,0.007899651494175182,0,0.0,1,0.031598610453086325,0,0.0,0,0.0
A1,tile_15,15,625.0,7,0.1452113937659282,4,0.020106192982974676,3,0.015079644737231007,4,0.19491837158203126,2,0.10053096923828125,0,0.0
A1,tile_15,16,1504.0,27,0.07960743795665629,15,0.034581656721696157,10,0.022512890617480047,8,0.11488538092755257,1,0.018799424171447754,1,0.018799424171447754
A1,tile_15,17,912.0,18,0.19673228849234325,17,0.11291055467945772,13,0.04478147422880188,3,0.11061407390393709,1,0.0551156621230276,0,0.0
A1,tile_15,18,1034.0,13,0.16609322862305806,12,0.07426932987209914,9,0.06279134252822928,3,0.0654920507906945,0,0.0,0,0.0
A1,tile_15,19,868.0,11,0.06876758112696552,6,0.02171607825062069,3,0.010858039125310345,7,0.14758889686127413,3,0.08887506300403226,2,0.0743976803968579
A1,tile_15,20,996.0,12,0.04345799743921623,6,0.018925256949336104,3,0.009462628474668052,4,0.11985996353578376,4,0.11985996353578376,1,0.01717292065601272
A1,tile_15,21,745.0,4,0.01686761156289822,2,0.00843380578144911,1,0.004216902890724555,2,0.06981317916972525,1,0.0229586966085754,1,0.0229586966085754
A1,tile_15,22,1377.0,27,0.06565581354633719,14,0.03194066604956943,8,0.01825180917118253,7,0.06819079142163954,1,0.012421371803477611,0,0.0
A1,tile_15,23,1346.0,23,0.06976130294004083,15,0.049273782745753746,9,0.0352696550180132,6,0.13329855931637724,1,0.037344341646509044,0,0.0
A1,tile_15,24,948.0,17,0.12151026437935207,11,0.07290615862761124,9,0.029825246711295505,6,0.12961095496069028,2,0.050076963529305116,0,0.0
A1,tile_15,25,532.0,3,0.017715748046558982,3,0.017715748046558982,1,0.005905249348852995,2,0.0695507149947317,1,0.05314724427416809,1,0.05314724427416809
A1,tile_15,26,1244.0,14,0.039283938147782346,8,0.022167365097677177,4,0.01010158409514403,7,0.10859203031975356,6,0.0858634629816871,2,0.0249733633550417
A1,tile_15,27,206.0,6,0.17283843078002098,1,0.06100179909883093,0,0.0,1,0.2050338300686438,1,0.2050338300686438,1,0.2050338300686438
A1,tile_15,28,975.0,5,0.016110731556870733,2,0.006444292622748294,1,0.003222146311374147,6,0.09308423164563301,2,0.053344429211738785,1,0.03580163026467348
A1,tile_15,29,1094.0,19,0.12188588194914697,13,0.04403207253660283,8,0.02744027708802785,7,0.19686805962208637,1,0.015634578586278494,0,0.0
A1,tile_15,30,1362.0,21,0.05202670163801013,10,0.02486004955116739,8,0.020246844479816745,7,0.14839144355224967,2,0.02178458215206555,0,0.0
A1,tile_15,31,1416.0,13,0.03549822207446095,5,0.011093194398269043,3,0.006655916638961426,8,0.11117846817620057,3,0.07987099986965374,2,0.07099644612457792
A1,tile_15,32,1325.0,19,0.046893374619621245,7,0.016597093264247964,4,0.009484053293855979,9,0.0985287763487618,4,0.042414798376695165,2,0.01896810711554761
A1,tile_15,33,1311.0,11,0.03248362604779683,4,0.013845479954798649,3,0.011449146885698881,5,0.1312658104798341,5,0.1086337673673186,3,0.06070710974372497
A1,tile_15,34,773.0,7,0.03161010288217415,2,0.011289322457919339,1,0.0040641560848509615,4,0.11650580915720003,2,0.04018999225572041,1,0.028900669586457997
A1,tile_15,35,884.0,4,0.01421535137370947,2,0.007107675686854735,2,0.007107675686854735,2,0.01974354610184199,1,0.009871773050920995,0,0.0
A1,tile_15,36,646.0,11,0.07186649861153123,5,0.028098179908267844,3,0.014589439567754457,4,0.1242804158213707,4,0.1242804158213707,1,0.0194525866316568
A1,tile_15,37,1238.0,12,0.03242534151524199,4,0.010150541691727926,2,0.005075270845863963,9,0.14069779354459058,5,0.06710636712045007,3,0.04201196969422077
A1,tile_15,38,1089.0,12,0.03974670840170741,3,0.008654525216500808,1,0.0028848417388336023,5,0.056094149474817424,4,0.04808070005026293,4,0.04808070005026293
A1,tile_15,39,231.0,1,0.013599968197358411,1,0.013599968197358411,1,0.013599968197358411,1,0.03777769427278857,1,0.03777769427278857,1,0.03777769427278857
A1,tile_15,40,316.0,3,0.029825246711295505,2,0.019883497807530338,1,0.009941748903765169,2,0.055231945424140255,1,0.027615972712070128,0,0.0
A1,tile_15,41,185.0,2,0.1094368612061309,1,0.09245527929483473,1,0.09245527929483473,1,0.27170531814162796,1,0.27170531814162796,1,0.27170531814162796
