region_id,image_id,tile_id,area,foci_count_rad51,foci_count_probs,foci_fraction_rad51,foci_fraction_probs
1,A1,tile_01,187.0,0,0,0.0,0.0
2,A1,tile_01,131.0,0,0,0.0,0.0
3,A1,tile_01,797.0,9,2,0.035475952173535934,0.007883545146832054
4,A1,tile_01,312.0,2,0,0.020138414446088417,0.0
5,A1,tile_01,1635.0,6,0,0.01152878038014603,0.0
6,A1,tile_01,1085.0,3,0,0.008686431300248276,0.0
7,A1,tile_01,1624.0,10,5,0.019344782349690844,0.007737913155203382
8,A1,tile_01,1318.0,4,0,0.011388339580539631,0.0
9,A1,tile_01,1245.0,14,5,0.03728976554461781,0.012616838508820437
10,A1,tile_01,1358.0,4,1,0.009253586608511909,0.0
11,A1,tile_01,922.0,6,4,0.020444203819456355,0.010222101935595597
12,A1,tile_01,1708.0,11,1,0.02166333731983594,0.0018393400123024434
13,A1,tile_01,703.0,5,3,0.025819949104894775,0.013406512069159517
14,A1,tile_01,1219.0,14,14,0.04467126551453903,0.03350345026380806
15,A1,tile_01,1348.0,11,18,0.03573522800819251,0.030297259548651357
16,A1,tile_01,1241.0,6,2,0.015189005577388202,0.0025315010000101315
17,A1,tile_01,933.0,1,0,0.003367194698381343,0.0
18,A1,tile_01,1451.0,15,3,0.032476836529184636,0.006495367322273701
19,A1,tile_01,257.0,1,0,0.012224095928364953,0.0
20,A1,tile_01,1169.0,12,6,0.041207089268642846,0.01343709490460346
21,A1,tile_01,880.0,9,5,0.03212992486625925,0.0035699917511506515
22,A1,tile_01,395.0,0,0,0.0,0.0
23,A1,tile_01,401.0,3,0,0.02350318693458698,0.0
24,A1,tile_01,1272.0,6,1,0.014818833271649968,0.0
25,A1,tile_01,1260.0,16,3,0.039893240045584685,0.004986655144464402
26,A1,tile_01,1161.0,8,0,0.02164749459837928,0.0
27,A1,tile_01,1121.0,6,5,0.018994662688965942,0.014012456684640004
28,A1,tile_01,1004.0,6,1,0.01877445808918203,0.0031290764352714874
29,A1,tile_01,1185.0,4,2,0.010604532164016179,0.002651133114778543
30,A1,tile_01,1046.0,1,0,0.0030034346592636646,0.0
31,A1,tile_01,1851.0,1,0,0.0016972407636897855,0.0
32,A1,tile_01,1337.0,5,2,0.01174866362599025,0.004699465581170641
33,A1,tile_01,1186.0,2,2,0.007358049123078961,0.005297795516041439
34,A1,tile_01,765.0,6,2,0.024639942381096416,0.008213314355588426
35,A1,tile_01,788.0,4,1,0.01594717083040504,0.0
36,A1,tile_01,1488.0,1,0,0.0021112853854770115,0.0
37,A1,tile_01,926.0,1,0,0.003392648653984658,0.0
38,A1,tile_01,1363.0,1,0,0.002304910237409973,0.0
39,A1,tile_01,2609.0,13,1,0.015653777116392223,0.0
40,A1,tile_01,787.0,4,2,0.015967434071612673,0.007983717257973503
41,A1,tile_01,1317.0,4,0,0.009541663336643259,0.0
42,A1,tile_01,990.0,3,0,0.009519977738150888,0.0
43,A1,tile_01,1033.0,3,0,0.009123695993000367,0.0
44,A1,tile_01,1121.0,1,1,0.002802491216404811,0.0
45,A1,tile_01,577.0,1,0,0.005444701306048168,0.0
46,A1,tile_01,168.0,3,3,0.17037737936135122,0.056099868956066314
1,A1,tile_02,573.0,6,1,0.05239033705811949,0.0
2,A1,tile_02,74.0,1,0,0.042453954778240446,0.0
3,A1,tile_02,1112.0,11,1,0.06843197426884243,0.002825173328248717
4,A1,tile_02,148.0,0,0,0.0,0.0
5,A1,tile_02,1334.0,23,3,0.05782875032844782,0.007065050962982864
6,A1,tile_02,1418.0,22,3,0.058834089030556404,0.006646528903116461
7,A1,tile_02,1036.0,9,1,0.04178008248017315,0.003032425425687812
8,A1,tile_02,412.0,1,0,0.04151511327559326,0.0
9,A1,tile_02,1383.0,19,5,0.05729425021008139,0.011357891499263518
10,A1,tile_02,1330.0,18,5,0.042517795311741574,0.011810499205625147
11,A1,tile_02,346.0,4,3,0.21993166296807154,0.027239242730113123
12,A1,tile_02,345.0,5,2,0.10927278795094933,0.018212131831956947
13,A1,tile_02,1115.0,19,4,0.0751352503100698,0.011270287860134792
14,A1,tile_02,1429.0,9,7,0.05935829366474767,0.010992277077313817
15,A1,tile_02,1438.0,29,6,0.0706384996286996,0.013108175222001587
16,A1,tile_02,1233.0,10,2,0.027460979309562036,0.002547925986222687
17,A1,tile_02,1880.0,25,10,0.054587957455992896,0.015039538322611058
18,A1,tile_02,995.0,14,2,0.115419763599223,0.0063147592784172325
19,A1,tile_02,1232.0,8,3,0.02238328099148572,0.005099988215929502
20,A1,tile_02,925.0,16,3,0.1475510783848179,0.010188949172561234
21,A1,tile_02,2222.0,31,6,0.04854246074403674,0.008483148501007327
22,A1,tile_02,1082.0,12,3,0.05290831743568763,0.00871051569742989
23,A1,tile_02,769.0,8,1,0.0730814069105558,0.0040852961521619935
24,A1,tile_02,1362.0,14,6,0.03229243549945456,0.011533013174362295
25,A1,tile_02,1272.0,3,1,0.007409416635824984,0.0
26,A1,tile_02,1670.0,12,4,0.022574318468908693,0.0018811932580913612
27,A1,tile_02,972.0,8,4,0.03160266958343642,0.00969627364672751
28,A1,tile_02,443.0,6,0,0.04254978763327034,0.0
1,A1,tile_03,734.0,1,0,0.004280098983092361,0.0
2,A1,tile_03,300.0,4,0,0.041887902047863905,0.0
3,A1,tile_03,1052.0,11,4,0.035172034355779265,0.008958914434048613
4,A1,tile_03,1132.0,10,1,0.027752585279061777,0.002775258605134782
5,A1,tile_03,729.0,0,0,0.0,0.0
6,A1,tile_03,866.0,1,0,0.003627705142713387,0.0
7,A1,tile_03,786.0,4,1,0.015987748873230498,0.003996937329532536
8,A1,tile_03,1157.0,6,3,0.01629175101256591,0.005430583821975062
9,A1,tile_03,1152.0,7,2,0.019089538693687978,0.005454154064257939
10,A1,tile_03,1155.0,11,11,0.04412434126254062,0.0299199290089793
11,A1,tile_03,2017.0,6,0,0.009345342549102012,0.0
12,A1,tile_03,317.0,0,0,0.0,0.0
13,A1,tile_03,1439.0,17,7,0.05457944151476362,0.015282243220983403
14,A1,tile_03,1609.0,15,9,0.03514522545967451,0.01757261158888054
15,A1,tile_03,1267.0,6,5,0.01873439449654529,0.009918209127111518
16,A1,tile_03,1389.0,9,6,0.020355891923907948,0.011308829332960004
17,A1,tile_03,1388.0,10,7,0.02967562705120041,0.015843766566999363
18,A1,tile_03,1139.0,6,4,0.01654921503207968,0.002758202582100591
19,A1,tile_03,1353.0,11,9,0.03508718082353715,0.01625362009977466
20,A1,tile_03,1484.0,6,1,0.012701857089985686,0.0
21,A1,tile_03,1224.0,8,7,0.033936957677667516,0.010266642944485533
22,A1,tile_03,865.0,1,0,0.0036318990214910902,0.0
23,A1,tile_03,1027.0,1,1,0.0030589996626969747,0.0
24,A1,tile_03,1820.0,5,3,0.008630749048323607,0.003452299715398432
25,A1,tile_03,111.0,1,0,0.05031579825569238,0.0
26,A1,tile_03,1050.0,4,3,0.011967972013675403,0.0029919930866786413
27,A1,tile_03,873.0,2,0,0.007197234028842596,0.0
28,A1,tile_03,1205.0,4,2,0.01245629175697198,0.0
29,A1,tile_03,1064.0,4,0,0.01181049869770599,0.0
30,A1,tile_03,1086.0,4,0,0.011571243659630914,0.0
31,A1,tile_03,1588.0,4,2,0.007913331621132981,0.0019783329603353735
32,A1,tile_03,1118.0,0,1,0.0,0.0
33,A1,tile_03,1090.0,0,0,0.0,0.0
34,A1,tile_03,823.0,1,0,0.006786213373489495,0.0
35,A1,tile_03,1424.0,7,7,0.015443222313994769,0.013237047731206658
36,A1,tile_03,1146.0,7,4,0.019189483922450744,0.008224064559004486
37,A1,tile_03,781.0,2,0,0.008045051609704977,0.0
38,A1,tile_03,731.0,4,0,0.017190657475183547,0.0
39,A1,tile_03,1152.0,2,1,0.00545415391248228,0.0
40,A1,tile_03,1362.0,2,0,0.004613205071350651,0.0
41,A1,tile_03,842.0,2,0,0.007462215329191908,0.0
42,A1,tile_03,1055.0,2,0,0.0059556258835825465,0.0
43,A1,tile_03,858.0,0,0,0.0,0.0
44,A1,tile_03,763.0,1,0,0.004117421564337868,0.0
45,A1,tile_03,247.0,0,0,0.0,0.0
46,A1,tile_03,154.0,0,0,0.0,0.0
47,A1,tile_03,737.0,1,0,0.004262676599172039,0.0
1,A1,tile_04,788.0,1,1,0.00398679270760126,0.0
2,A1,tile_04,1056.0,6,6,0.020163841737055703,0.0
3,A1,tile_04,132.0,2,0,0.06611095651493673,0.0
4,A1,tile_04,1011.0,2,1,0.011739108717667101,0.0
5,A1,tile_04,1212.0,7,3,0.02016056891742625,0.007776219459256717
6,A1,tile_04,1826.0,14,6,0.02408669066279141,0.008602389892377571
7,A1,tile_04,1153.0,12,5,0.03269654106077842,0.013623559361215478
8,A1,tile_04,1227.0,3,2,0.007681155632248883,0.005120770563997674
9,A1,tile_04,1878.0,14,3,0.026021948379042186,0.00501851862865769
10,A1,tile_04,1293.0,9,3,0.021867234247724777,0.0048593855236080015
11,A1,tile_04,1347.0,17,3,0.060898645021331486,0.006996865615901366
12,A1,tile_04,1054.0,4,3,0.011922552765046654,0.005961276548410955
13,A1,tile_04,1364.0,21,4,0.06858478585549566,0.009212881938453293
14,A1,tile_04,158.0,1,0,0.019883497807530338,0.0
15,A1,tile_04,752.0,2,0,0.02413753220843222,0.0
16,A1,tile_04,1647.0,4,0,0.007629854653527123,0.0
17,A1,tile_04,1412.0,3,0,0.006674771926890495,0.0
18,A1,tile_04,1257.0,11,7,0.02749205981661712,0.017494946694506856
19,A1,tile_04,1634.0,6,5,0.011535835937294223,0.0019226393763846837
20,A1,tile_04,260.0,2,0,0.0241660973353061,0.0
21,A1,tile_04,1231.0,3,0,0.01417814177087189,0.0
22,A1,tile_04,1427.0,11,7,0.024216902024868762,0.015410755427466796
23,A1,tile_04,1312.0,9,5,0.023412953380411737,0.009578026649428577
24,A1,tile_04,1262.0,4,1,0.00995750444877906,0.0
25,A1,tile_04,1133.0,5,3,0.013864045249734303,0.00831842717089068
26,A1,tile_04,763.0,2,0,0.008234843128675735,0.0
27,A1,tile_04,1594.0,6,3,0.011825317391178643,0.005912658710551531
28,A1,tile_04,152.0,0,0,0.0,0.0
29,A1,tile_04,129.0,0,0,0.0,0.0
30,A1,tile_04,1309.0,1,0,0.0023999943877691314,0.0
31,A1,tile_04,837.0,2,0,0.007506792481696041,0.0
32,A1,tile_04,803.0,1,0,0.0039123196184181735,0.0
33,A1,tile_04,821.0,3,2,0.011479632108123482,0.0
34,A1,tile_04,107.0,0,0,0.0,0.0
35,A1,tile_04,140.0,0,0,0.0,0.0
1,A1,tile_05,991.0,8,0,0.03275794559747178,0.0
2,A1,tile_05,948.0,0,0,0.0,0.0
3,A1,tile_05,57.0,0,0,0.0,0.0
4,A1,tile_05,517.0,6,3,0.03645948920993957,0.018229744651100853
5,A1,tile_05,897.0,8,1,0.03074270031383546,0.0
6,A1,tile_05,222.0,0,0,0.0,0.0
7,A1,tile_05,983.0,8,2,0.028053104965931237,0.006391846878967595
8,A1,tile_05,1273.0,13,3,0.03208225019376851,0.004935730936390531
9,A1,tile_05,1799.0,22,8,0.041523119502700025,0.013970394675237328
10,A1,tile_05,1210.0,11,3,0.030579322431636188,0.007789072714561273
11,A1,tile_05,218.0,2,0,0.06564999938694266,0.0
12,A1,tile_05,1569.0,17,4,0.04649761805823007,0.008009159314244929
13,A1,tile_05,959.0,12,4,0.04185878289454597,0.013103619357716676
14,A1,tile_05,1164.0,9,4,0.02429066484734376,0.010795851343685818
15,A1,tile_05,1318.0,6,6,0.020393073202361667,0.009534424100189903
16,A1,tile_05,2037.0,36,6,0.07025871313870154,0.009253586631928464
17,A1,tile_05,1459.0,13,7,0.027992258051177048,0.012919503748621166
18,A1,tile_05,467.0,3,1,0.10389754433713566,0.006727179316943411
19,A1,tile_05,1236.0,14,2,0.07568741740040136,0.005083483399696721
20,A1,tile_05,1038.0,6,7,0.03732785105421398,0.021186077066469286
21,A1,tile_05,1256.0,5,1,0.01250634018148803,0.00250126810590173
22,A1,tile_05,1255.0,17,7,0.04644940001323555,0.01752282708764551
23,A1,tile_05,1247.0,9,6,0.024633355922293664,0.007557961495283994
24,A1,tile_05,1380.0,21,6,0.055901125317499564,0.011382582567740178
25,A1,tile_05,489.0,0,0,0.0,0.0
26,A1,tile_05,1353.0,13,9,0.040247060356410264,0.01625362009977466
27,A1,tile_05,942.0,9,5,0.03520303162196631,0.013340096564809228
28,A1,tile_05,1226.0,7,5,0.0335968763026641,0.012812368632529728
29,A1,tile_05,1533.0,9,2,0.023680918748520585,0.00409862066668307
30,A1,tile_05,1222.0,6,1,0.015425168511897512,0.0
31,A1,tile_05,1375.0,18,5,0.0733672951020162,0.009139178882945668
32,A1,tile_05,225.0,2,1,0.027925268031909273,0.013962634404500325
33,A1,tile_05,1101.0,15,4,0.05231232090446219,0.011413597605858576
34,A1,tile_05,1776.0,14,10,0.0247648069539736,0.015920232008169364
35,A1,tile_05,305.0,3,0,0.03090091134678485,0.0
36,A1,tile_05,1553.0,6,0,0.01213751186190519,0.0
37,A1,tile_05,61.0,1,0,0.09155825584232548,0.0
38,A1,tile_05,1402.0,6,0,0.013444761712937774,0.0
39,A1,tile_05,928.0,5,6,0.01692668455597949,0.01692668528392397
40,A1,tile_05,1814.0,17,6,0.02944160700718109,0.010391155440594421
41,A1,tile_05,2213.0,12,0,0.01703529681115116,0.0
42,A1,tile_05,2032.0,6,8,0.009276356260599783,0.007730297216280239
43,A1,tile_05,1480.0,9,5,0.0191042796502082,0.008490791191925874
44,A1,tile_05,1042.0,2,3,0.006029928317830697,0.00301496424281437
1,A1,tile_06,1956.0,19,4,0.03426413255448991,0.0032122625163727744
2,A1,tile_06,1922.0,34,12,0.08354333568339145,0.019614522340518505
3,A1,tile_06,1596.0,13,9,0.039149616053506905,0.017715746896308764
4,A1,tile_06,1335.0,18,5,0.04837242121632226,0.01176626512620333
5,A1,tile_06,980.0,9,4,0.03846848147252808,0.012822827514337033
6,A1,tile_06,1919.0,16,7,0.028740179449203138,0.0032741977498828277
7,A1,tile_06,1285.0,9,6,0.04672321110397271,0.014668915151158195
8,A1,tile_06,1455.0,17,7,0.0686136310749661,0.015114191061852314
9,A1,tile_06,1739.0,5,0,0.00903275633579584,0.0
10,A1,tile_06,966.0,11,8,0.07371576964944995,0.026017329214028936
11,A1,tile_06,987.0,6,0,0.01909782768139692,0.0
12,A1,tile_06,1592.0,20,10,0.04451028117523228,0.019733620648408057
13,A1,tile_06,1711.0,30,4,0.07120045691946478,0.007344459943921854
14,A1,tile_06,1463.0,25,10,0.05917179145517346,0.021473632311869873
15,A1,tile_06,1666.0,25,8,0.05761891288096528,0.015085678283764678
16,A1,tile_06,1026.0,8,4,0.024495849150797607,0.0
17,A1,tile_06,1576.0,10,3,0.0199339635380063,0.005980189076534988
18,A1,tile_06,1354.0,8,3,0.018561847288565986,0.004640461951274111
19,A1,tile_06,1736.0,6,2,0.010858039125310345,0.0
20,A1,tile_06,1828.0,14,11,0.03437191087078549,0.015467358887586866
21,A1,tile_06,1144.0,2,0,0.005492294848933205,0.0
22,A1,tile_06,239.0,1,0,0.013144739136358967,0.0
23,A1,tile_06,1094.0,2,0,0.007976824734891818,0.0
24,A1,tile_06,626.0,9,6,0.07583539241892295,0.030111111771946135
1,A1,tile_07,448.0,5,4,0.040516571921296936,0.02804993518761226
2,A1,tile_07,788.0,4,0,0.025249687148141315,0.0
3,A1,tile_07,850.0,3,0,0.02053328531758035,0.0
4,A1,tile_07,1263.0,9,1,0.022386645987575723,0.0
5,A1,tile_07,959.0,3,0,0.009827714244806444,0.0
6,A1,tile_07,1185.0,10,5,0.02651133041004045,0.010604532459114172
7,A1,tile_07,1454.0,13,6,0.028088517535534603,0.012963931203052463
8,A1,tile_07,1910.0,14,6,0.02430667963510428,0.008224064891875103
9,A1,tile_07,1267.0,7,6,0.01735686548944637,0.009918209127111518
10,A1,tile_07,1340.0,14,2,0.06798969175679404,0.004688944389571005
11,A1,tile_07,983.0,10,6,0.031959233505491284,0.01278369375793519
12,A1,tile_07,1281.0,16,12,0.052319003338471726,0.029429439452362656
13,A1,tile_07,1075.0,9,4,0.02857469286986065,0.005844823704209439
14,A1,tile_07,1116.0,14,10,0.03941066052890422,0.028150469598804323
15,A1,tile_07,979.0,9,6,0.05455268142086465,0.019253887609027867
16,A1,tile_07,297.0,1,0,0.010577753042389875,0.0
17,A1,tile_07,1320.0,8,6,0.019039955476301777,0.007139983321681167
18,A1,tile_07,732.0,1,0,0.004291793242609007,0.0
19,A1,tile_07,466.0,3,0,0.02022484540937635,0.0
20,A1,tile_07,1231.0,6,4,0.021834338327142707,0.005104131179549266
21,A1,tile_07,1118.0,3,6,0.008430033954176547,0.005620022792509075
22,A1,tile_07,813.0,10,2,0.03864197605891505,0.0038641977134225994
23,A1,tile_07,1281.0,11,6,0.05749640471050797,0.014714719726181328
24,A1,tile_07,847.0,6,1,0.028848417388336024,0.0037090823388578197
25,A1,tile_07,1206.0,8,4,0.02489192631368364,0.007814907118257993
26,A1,tile_07,1181.0,7,6,0.022758738764362976,0.01330056218753721
27,A1,tile_07,500.0,5,0,0.05026548245743669,0.0
28,A1,tile_07,1566.0,11,3,0.02206738134705474,0.004012251265661013
29,A1,tile_07,1152.0,7,6,0.0212105985485422,0.010908308128515879
30,A1,tile_07,1308.0,9,7,0.02775447128553674,0.014410975511650062
31,A1,tile_07,1243.0,12,6,0.03482233744928348,0.012637139133935193
32,A1,tile_07,1206.0,5,1,0.013024845164136788,0.002604969105317225
33,A1,tile_07,1240.0,5,6,0.017171787801879695,0.01520125481390184
34,A1,tile_07,1204.0,5,1,0.013046481119558941,0.0
35,A1,tile_07,1027.0,4,0,0.020053442233235724,0.0
36,A1,tile_07,1348.0,11,5,0.02744879832513337,0.011652792242938758
37,A1,tile_07,1326.0,7,2,0.01658457660266105,0.0
38,A1,tile_07,1020.0,5,5,0.01539996398818526,0.0030799928833456602
39,A1,tile_07,378.0,4,0,0.059101096363829146,0.0
40,A1,tile_07,750.0,4,5,0.029321531433504737,0.0
41,A1,tile_07,464.0,0,0,0.0,0.0
42,A1,tile_07,477.0,0,0,0.0,0.0
43,A1,tile_07,836.0,3,0,0.014196458030575888,0.0
1,A1,tile_08,1079.0,2,0,0.005823155984411109,0.0
2,A1,tile_08,232.0,2,0,0.061688361492903014,0.0
3,A1,tile_08,275.0,1,0,0.011423973285781066,0.0
4,A1,tile_08,825.0,3,2,0.041464791926168316,0.0038079912012273613
5,A1,tile_08,127.0,2,0,0.049473900056532176,0.0
6,A1,tile_08,683.0,6,2,0.027598178508841522,0.009199393092276935
7,A1,tile_08,1156.0,6,2,0.016305844222784395,0.0
8,A1,tile_08,1067.0,5,1,0.01472161505899622,0.002944323093732496
9,A1,tile_08,1651.0,6,0,0.011417053859199732,0.0
10,A1,tile_08,1405.0,7,6,0.01565206304279612,0.008944036273345404
11,A1,tile_08,676.0,2,0,0.01290924002954386,0.0
12,A1,tile_08,1079.0,5,5,0.014557889961027772,0.0
13,A1,tile_08,1736.0,11,7,0.021313928653386972,0.012667711978683823
14,A1,tile_08,750.0,1,0,0.0041887902047863905,0.0
15,A1,tile_08,1294.0,7,5,0.02077130639931428,0.00971126040498477
16,A1,tile_08,1511.0,10,5,0.022408595293639966,0.010395740531754762
17,A1,tile_08,1094.0,12,7,0.047222802430559555,0.020101597801640874
18,A1,tile_08,1585.0,2,1,0.0039641547679366475,0.0
19,A1,tile_08,1234.0,18,8,0.049785729068233725,0.020366888185374354
20,A1,tile_08,1380.0,14,7,0.03364185369786172,0.015935614489126896
21,A1,tile_08,1006.0,4,0,0.012491422081867964,0.0
22,A1,tile_08,1077.0,8,4,0.03208683304502109,0.011667939613788572
23,A1,tile_08,1381.0,11,8,0.029067757274344377,0.01592407530412391
24,A1,tile_08,1397.0,10,5,0.026486027302991974,0.011244068678225801
25,A1,tile_08,1447.0,16,6,0.04679942983923982,0.013026645452134266
26,A1,tile_08,1316.0,8,5,0.023341789388374008,0.011936142814195628
27,A1,tile_08,1465.0,5,3,0.012390050662621862,0.004288863810256073
28,A1,tile_08,729.0,1,0,0.0043094549431958755,0.0
29,A1,tile_08,1070.0,2,1,0.04991315430937055,0.0
30,A1,tile_08,1724.0,5,0,0.009111347603218658,0.0
31,A1,tile_08,835.0,3,0,0.011287159234454346,0.0
32,A1,tile_08,1912.0,18,9,0.029575663056807686,0.014787830568257734
33,A1,tile_08,1320.0,7,3,0.016659961041764055,0.007139983321681167
34,A1,tile_08,722.0,5,3,0.029491713122341858,0.01305370911997111
35,A1,tile_08,1455.0,10,2,0.023271056693257724,0.004318340537474328
36,A1,tile_08,1944.0,10,7,0.020290350357547247,0.008080228365988398
37,A1,tile_08,1615.0,14,9,0.03177255728088749,0.017507326344587487
38,A1,tile_08,1514.0,5,3,0.011989051664954445,0.0
39,A1,tile_08,990.0,7,3,0.02221328138901874,0.009519977762241557
40,A1,tile_08,1373.0,4,1,0.009152491343306025,0.002288122899499325
41,A1,tile_08,426.0,3,0,0.03933136342522432,0.0
42,A1,tile_08,1509.0,9,4,0.01873713312280195,0.006245711056738993
43,A1,tile_08,1632.0,9,3,0.017324959486708418,0.0019249955520910375
44,A1,tile_08,816.0,3,0,0.011549972991138946,0.0
45,A1,tile_08,93.0,0,0,0.0,0.0
1,A1,tile_09,543.0,7,0,0.0404993528087082,0.0
2,A1,tile_09,1609.0,11,5,0.027986012866037104,0.00585753759143514
3,A1,tile_09,1797.0,21,6,0.036713102796541844,0.010489457968413067
4,A1,tile_09,1213.0,21,0,0.0610073868792742,0.0
5,A1,tile_09,1594.0,13,4,0.025621521014220397,0.007883545146832054
6,A1,tile_09,1317.0,15,7,0.041877300199712086,0.01669791039862955
7,A1,tile_09,1079.0,18,2,0.054672964520304325,0.005823156146455187
8,A1,tile_09,1626.0,17,11,0.0328456796500778,0.015456789680659258
9,A1,tile_09,1600.0,17,11,0.03839724354387526,0.019634952545166017
10,A1,tile_09,800.0,14,4,0.06414085001079163,0.015707963705062868
11,A1,tile_09,1403.0,18,3,0.04428633027155962,0.006717589440213215
12,A1,tile_09,1112.0,21,0,0.1735912007828892,0.0
13,A1,tile_09,1054.0,17,7,0.07153531659027992,0.020864466788420414
14,A1,tile_09,692.0,7,3,0.03985000315247168,0.013619621365056562
15,A1,tile_09,1308.0,15,4,0.0467022353362397,0.009607317250802976
16,A1,tile_09,1133.0,16,2,0.044364944799149784,0.005545618254214604
17,A1,tile_09,1456.0,23,5,0.05681909790146378,0.010788436774369125
18,A1,tile_09,1079.0,15,1,0.08670032243456541,0.0029115780732275934
19,A1,tile_09,867.0,15,0,0.07891223376952448,0.0
20,A1,tile_09,1340.0,8,6,0.020579255359336125,0.0023444721947855026
21,A1,tile_09,1034.0,5,4,0.017554568878859794,0.009114872325550426
22,A1,tile_09,1302.0,11,6,0.03217196777869732,0.01447738553704937
23,A1,tile_09,1319.0,8,5,0.029640163187773298,0.009527195575474066
24,A1,tile_09,1439.0,13,2,0.028381309587677078,0.004366355442685994
25,A1,tile_09,463.0,7,2,0.07840788000320098,0.01357059499357483
26,A1,tile_09,1092.0,6,1,0.01949909970176815,0.0
27,A1,tile_09,1305.0,6,4,0.01631648802630714,0.009629403037586432
28,A1,tile_09,1017.0,9,5,0.0332933996938938,0.01544539227480968
29,A1,tile_09,1397.0,6,1,0.013492881833599684,0.0
30,A1,tile_09,883.0,4,0,0.014231450299387511,0.0
31,A1,tile_09,1393.0,4,1,0.009021084432418645,0.0
32,A1,tile_09,244.0,2,0,0.04577912792116274,0.0
33,A1,tile_09,169.0,0,0,0.0,0.0
1,A1,tile_10,837.0,2,0,0.007506792481696041,0.0
2,A1,tile_10,731.0,1,0,0.004297664368795887,0.0
3,A1,tile_10,395.0,2,0,0.022092775341700375,0.0
4,A1,tile_10,1399.0,13,1,0.04291588725418508,0.0022455988141619537
5,A1,tile_10,1328.0,4,1,0.011302584011409062,0.0023656571844974197
6,A1,tile_10,853.0,1,0,0.0036829925598942477,0.0
7,A1,tile_10,1079.0,2,1,0.005823155984411109,0.0029115780732275934
8,A1,tile_10,868.0,5,5,0.020911779056153258,0.018096732653780468
9,A1,tile_10,2634.0,14,0,0.02120369630365169,0.0
10,A1,tile_10,1046.0,6,4,0.020356612690564838,0.012013738971367392
11,A1,tile_10,1402.0,14,4,0.031371110663521475,0.008963174724714902
12,A1,tile_10,760.0,6,3,0.024802047265182578,0.012401023663972553
13,A1,tile_10,1039.0,10,2,0.046026969686857204,0.006047339251227283
14,A1,tile_10,1351.0,18,9,0.041856896939020206,0.02092844711066528
15,A1,tile_10,1260.0,9,8,0.03352140309385934,0.017453292059519933
16,A1,tile_10,1079.0,15,2,0.061143137836316634,0.005823156146455187
17,A1,tile_10,1254.0,10,8,0.027001106450310997,0.02004205743281655
18,A1,tile_10,1210.0,11,5,0.030579322431636188,0.007789072714561273
19,A1,tile_10,865.0,11,0,0.06819899273688824,0.0
20,A1,tile_10,774.0,6,2,0.02435343142317669,0.008117810700290887
21,A1,tile_10,893.0,2,0,0.0070360417773567595,0.0
22,A1,tile_10,345.0,2,0,0.01821213132515822,0.0
23,A1,tile_10,817.0,6,2,0.03460750781188267,0.007690557505538735
24,A1,tile_10,230.0,1,0,0.024282841766877627,0.0
25,A1,tile_10,2289.0,16,11,0.023027061341296968,0.012352263891004276
26,A1,tile_10,1456.0,22,8,0.05298320943554216,0.01510381043612302
27,A1,tile_10,830.0,8,1,0.030280411118937766,0.0037850514951958715
28,A1,tile_10,111.0,1,0,0.028302636518826967,0.0
29,A1,tile_10,3417.0,23,5,0.022576398284503776,0.001838801721400394
30,A1,tile_10,1328.0,4,1,0.009462628474668052,0.0023656571844974197
31,A1,tile_10,1747.0,17,4,0.030570735610204066,0.003596557230695562
32,A1,tile_10,1389.0,4,7,0.010806214231210393,0.009047063329049887
33,A1,tile_10,132.0,1,0,0.02379994434537722,0.0
34,A1,tile_10,1371.0,8,4,0.018331685797752257,0.009165843153938945
35,A1,tile_10,1143.0,8,5,0.026874711141819947,0.005497100159252096
36,A1,tile_10,1679.0,4,0,0.00748443753088694,0.0
37,A1,tile_10,990.0,4,0,0.01269330365086785,0.0
38,A1,tile_10,763.0,2,0,0.014639721117645752,0.0
39,A1,tile_10,722.0,0,0,0.0,0.0
40,A1,tile_10,880.0,2,2,0.007139983303613166,0.007139983502301303
41,A1,tile_10,984.0,0,0,0.0,0.0
42,A1,tile_10,1051.0,1,0,0.002989146197516454,0.0
43,A1,tile_10,97.0,0,0,0.0,0.0
44,A1,tile_10,439.0,6,0,0.042937485014894666,0.0
45,A1,tile_10,404.0,10,7,0.08381036507101483,0.054433534641077023
46,A1,tile_10,195.0,0,0,0.0,0.0
47,A1,tile_10,179.0,1,0,0.01755079694742901,0.0
48,A1,tile_10,55.0,0,0,0.0,0.0
1,A1,tile_11,1616.0,14,6,0.02721676803852544,0.003888109827985858
2,A1,tile_11,895.0,4,5,0.044852036643429696,0.010530478195105185
3,A1,tile_11,1185.0,4,0,0.010604532164016179,0.0
4,A1,tile_11,1158.0,13,4,0.035268311309729974,0.010851788397280045
5,A1,tile_11,1292.0,7,3,0.01891223647671874,0.007294719802336796
6,A1,tile_11,1574.0,18,10,0.04546283312056387,0.01995929102431107
7,A1,tile_11,1142.0,13,6,0.03790207132176828,0.016505740778667496
8,A1,tile_11,1215.0,4,0,0.0103426918636701,0.0
9,A1,tile_11,1240.0,9,0,0.027305957652169345,0.0
10,A1,tile_11,289.0,0,0,0.0,0.0
11,A1,tile_11,1149.0,10,7,0.027341972616099157,0.010936789350783545
12,A1,tile_11,1069.0,14,7,0.043429146962627854,0.017632886781326736
13,A1,tile_11,1131.0,8,4,0.02438214162821433,0.0055554248293767875
14,A1,tile_11,1201.0,12,0,0.06830181086072731,0.0
15,A1,tile_11,53.0,0,0,0.0,0.0
16,A1,tile_11,1400.0,12,0,0.026927937030769657,0.0
17,A1,tile_11,1737.0,9,0,0.016277682142952297,0.0
18,A1,tile_11,698.0,4,2,0.02150405668646309,0.009001698398316828
19,A1,tile_11,1030.0,12,7,0.03660107945929856,0.018300539775959496
20,A1,tile_11,895.0,8,3,0.028081275115886418,0.0070203189743297725
21,A1,tile_11,1729.0,2,0,0.0036339995992941505,0.0
22,A1,tile_11,872.0,2,0,0.012809755977940034,0.0
23,A1,tile_11,908.0,6,4,0.02345045911269914,0.013839615599174331
24,A1,tile_11,1155.0,3,2,0.008159980918415048,0.002719993715162401
25,A1,tile_11,1053.0,3,0,0.008950406420483741,0.0
26,A1,tile_11,750.0,6,2,0.02839068916577443,0.008377580642700196
27,A1,tile_11,280.0,0,0,0.0,0.0
28,A1,tile_11,888.0,9,1,0.03184046608368034,0.0
29,A1,tile_11,1189.0,10,9,0.0305322526841733,0.021137712380783814
30,A1,tile_11,1220.0,8,4,0.020600607564523234,0.005150152034446841
31,A1,tile_11,63.0,1,0,0.049866550056980846,0.0
32,A1,tile_11,746.0,2,0,0.008422500411768882,0.0
33,A1,tile_11,900.0,4,4,0.013962634015954637,0.010471975538465711
34,A1,tile_11,801.0,2,0,0.00784417641345766,0.0
35,A1,tile_11,1124.0,2,1,0.005590022515284329,0.0
36,A1,tile_11,900.0,0,2,0.0,0.0
37,A1,tile_11,1669.0,4,0,0.008993308308658618,0.0
38,A1,tile_11,1350.0,3,1,0.006981317007977318,0.0
39,A1,tile_11,1095.0,5,1,0.021677148700568843,0.0
40,A1,tile_11,1457.0,11,5,0.03689508645259119,0.008624825644509468
41,A1,tile_11,363.0,1,0,0.008654525216500808,0.0
42,A1,tile_11,1200.0,5,2,0.015126186850617522,0.005235987901687622
43,A1,tile_11,1276.0,3,0,0.007386189624427413,0.0
44,A1,tile_11,956.0,3,2,0.009858554352269224,0.0
45,A1,tile_11,44.0,0,0,0.0,0.0
1,A1,tile_12,728.0,3,0,0.012946123572485412,0.0
2,A1,tile_12,760.0,4,3,0.016534698176788386,0.012401023663972553
3,A1,tile_12,1009.0,8,1,0.027330230110515764,0.0031135706055625107
4,A1,tile_12,302.0,0,0,0.0,0.0
5,A1,tile_12,929.0,10,2,0.03644713400289558,0.0067633858794673265
6,A1,tile_12,128.0,0,0,0.0,0.0
7,A1,tile_12,1339.0,26,0,0.11314008892689155,0.0
8,A1,tile_12,934.0,1,0,0.0033635895648712988,0.0
9,A1,tile_12,800.0,4,0,0.015707963267948967,0.0
10,A1,tile_12,1075.0,6,2,0.025002856261128067,0.005844823704209439
11,A1,tile_12,1267.0,16,4,0.05151958486549955,0.009918209127111518
12,A1,tile_12,983.0,0,0,0.0,0.0
13,A1,tile_12,418.0,2,1,0.01503154379708035,0.007515772107685582
14,A1,tile_12,1429.0,20,7,0.04396910641833163,0.01538918684044445
15,A1,tile_12,1002.0,9,2,0.028217898086135867,0.006270644193637871
16,A1,tile_12,984.0,2,3,0.015963377304826186,0.006385351099619051
17,A1,tile_12,843.0,0,0,0.0,0.0
18,A1,tile_12,343.0,1,0,0.009159162255363828,0.0
19,A1,tile_12,1218.0,13,2,0.03353095607279746,0.002579304385067794
20,A1,tile_12,1242.0,9,5,0.024732524021819805,0.01011785101775386
21,A1,tile_12,710.0,1,0,0.004424778385337736,0.0
22,A1,tile_12,900.0,1,0,0.003490658503988659,0.0
23,A1,tile_12,717.0,0,0,0.0,0.0
24,A1,tile_12,1193.0,9,6,0.02574836113587611,0.010533420757795718
25,A1,tile_12,746.0,8,4,0.03369000164707553,0.012633750649623512
26,A1,tile_12,808.0,3,2,0.011664329159368044,0.007776219655971716
27,A1,tile_12,1108.0,9,3,0.02772364154792437,0.008506117314638214
28,A1,tile_12,505.0,3,0,0.028339999735353474,0.0
29,A1,tile_12,1961.0,10,4,0.01602036029367564,0.003204072147896556
30,A1,tile_12,875.0,3,1,0.010771174812307861,0.0035903917040143694
31,A1,tile_12,993.0,7,2,0.02214617177757155,0.0031637389134064184
32,A1,tile_12,1188.0,8,1,0.02115550608477975,0.0
33,A1,tile_12,877.0,2,2,0.0071644074198170885,0.0
34,A1,tile_12,1371.0,5,0,0.01145730362359516,0.0
35,A1,tile_12,945.0,7,2,0.023271056693257727,0.006648873525952536
36,A1,tile_12,930.0,8,1,0.029651830302699363,0.003378056710766208
37,A1,tile_12,660.0,1,0,0.004759988869075444,0.0
38,A1,tile_12,948.0,9,2,0.03571665346908227,0.006627832786946357
39,A1,tile_12,1031.0,4,3,0.012188526299087461,0.009141394747448245
40,A1,tile_12,1169.0,4,5,0.012839890134432194,0.01343709490460346
41,A1,tile_12,1243.0,7,4,0.017691994026652093,0.007582283173466726
42,A1,tile_12,1117.0,9,6,0.02531274295640836,0.014062635580556352
43,A1,tile_12,1462.0,12,10,0.02578598621277532,0.021488320158868417
44,A1,tile_12,913.0,6,5,0.06652514564009053,0.013763823618894078
45,A1,tile_12,908.0,5,0,0.01729951901756494,0.0
46,A1,tile_12,1808.0,6,1,0.011777111103059082,0.0
47,A1,tile_12,1200.0,16,6,0.04188790204786392,0.015707963307698566
48,A1,tile_12,325.0,0,0,0.0,0.0
49,A1,tile_12,1614.0,4,1,0.00778585539923121,0.0
50,A1,tile_12,932.0,5,0,0.022846584629110323,0.0
51,A1,tile_12,1851.0,4,0,0.006788963054759142,0.0
52,A1,tile_12,1572.0,5,5,0.009992343045769063,0.003996937329532536
53,A1,tile_12,396.0,0,0,0.0,0.0
54,A1,tile_12,418.0,2,0,0.01503154379708035,0.0
55,A1,tile_12,596.0,7,2,0.03689790029383985,0.01054225752017642
1,A1,tile_13,521.0,3,0,0.018089784953492092,0.0
2,A1,tile_13,738.0,2,3,0.008513801229240631,0.012770701876177697
3,A1,tile_13,502.0,1,0,0.011125604793589351,0.0
4,A1,tile_13,2415.0,17,2,0.02211473089483499,0.002601733118850992
5,A1,tile_13,1007.0,8,5,0.02738451060725959,0.015598772535731326
6,A1,tile_13,1348.0,16,11,0.0372889335737661,0.023305581655983402
7,A1,tile_13,951.0,5,2,0.016517311533069363,0.006606924797082173
8,A1,tile_13,1141.0,14,8,0.038547149123801146,0.02202694129776683
9,A1,tile_13,550.0,5,2,0.03871457613514695,0.005711986801841042
10,A1,tile_13,682.0,6,6,0.09673525766185581,0.027638645116185162
11,A1,tile_13,260.0,1,0,0.01208304866765305,0.0
12,A1,tile_13,1111.0,1,1,0.0028277161598467986,0.0
13,A1,tile_13,950.0,11,3,0.0389484001497682,0.009920818931178042
14,A1,tile_13,256.0,2,1,0.02454369260617026,0.012271846644580364
15,A1,tile_13,1283.0,9,4,0.025846652991342367,0.00489726070305935
16,A1,tile_13,838.0,4,3,0.014995668990882068,0.011246751771621885
17,A1,tile_13,1310.0,11,5,0.030110260377917444,0.009592649590878086
18,A1,tile_13,1006.0,8,3,0.027411731790765812,0.006245711214736726
19,A1,tile_13,1365.0,14,10,0.03222146311374147,0.023015328990670787
20,A1,tile_13,1495.0,14,2,0.08942623458378975,0.004202799653528526
21,A1,tile_13,378.0,4,3,0.033244366704653895,0.02493327509158503
22,A1,tile_13,492.0,3,2,0.05817764173314432,0.012770702199238102
23,A1,tile_13,986.0,3,0,0.0095585983374943,0.0
24,A1,tile_13,823.0,8,2,0.033506928531604384,0.007634490257624723
25,A1,tile_13,1085.0,7,5,0.022520377445088124,0.005790954361313499
26,A1,tile_13,512.0,1,0,0.02454369260617026,0.0
27,A1,tile_13,615.0,2,0,0.010216561475088757,0.0
28,A1,tile_13,1469.0,8,7,0.01877209134207652,0.012831556139712921
29,A1,tile_13,967.0,8,5,0.028517272162885632,0.0162440164875713
30,A1,tile_13,1479.0,3,2,0.006372398891662866,0.004248266045994014
31,A1,tile_13,1463.0,16,6,0.03984552085892729,0.010736817459659225
32,A1,tile_13,1173.0,2,2,0.0074395961295580975,0.002678254681170139
33,A1,tile_13,1735.0,12,1,0.02172859472223488,0.0018107162772406761
34,A1,tile_13,1099.0,5,2,0.014292960207414891,0.005717184242061098
35,A1,tile_13,102.0,1,0,0.05475542751354759,0.0
36,A1,tile_13,802.0,1,0,0.003917197822431164,0.0
37,A1,tile_13,1172.0,4,1,0.01072215922726892,0.0
38,A1,tile_13,898.0,7,0,0.02721003288187151,0.0
39,A1,tile_13,1242.0,6,5,0.01911149583504258,0.007588388071351965
40,A1,tile_13,1176.0,3,0,0.00801426697344335,0.0
41,A1,tile_13,1466.0,5,2,0.010714845339665052,0.0021429691275665574
42,A1,tile_13,2038.0,4,0,0.006166030723434334,0.0
43,A1,tile_13,1713.0,6,0,0.011003827157932725,0.0
44,A1,tile_13,1673.0,3,0,0.007093986200574681,0.0
45,A1,tile_13,1347.0,6,3,0.01814002192124767,0.006996865615901366
46,A1,tile_13,1336.0,5,3,0.011757457535889944,0.004702983145228403
47,A1,tile_13,916.0,0,0,0.0,0.0
48,A1,tile_13,1218.0,1,0,0.0025793043132921125,0.0
49,A1,tile_13,846.0,0,0,0.0,0.0
50,A1,tile_13,536.0,4,0,0.023444721295446218,0.0
51,A1,tile_13,825.0,2,0,0.007615982190520711,0.0
1,A1,tile_14,338.0,5,0,0.0702262657607186,0.0
2,A1,tile_14,1011.0,8,4,0.024859289049177394,0.00932223341703179
3,A1,tile_14,95.0,0,0,0.0,0.0
4,A1,tile_14,2686.0,41,11,0.05185304330199089,0.012865792258142626
5,A1,tile_14,1594.0,20,8,0.05321392826030391,0.015767089097084037
6,A1,tile_14,1354.0,11,9,0.029131788105666065,0.020882076843802652
7,A1,tile_14,337.0,2,2,0.07561367085791457,0.009322233652856301
8,A1,tile_14,613.0,3,3,0.01537484169782933,0.015374841736735955
9,A1,tile_14,2227.0,16,5,0.02617602021401464,0.007053418923880308
10,A1,tile_14,777.0,5,3,0.02021616894201926,0.01212970139590623
11,A1,tile_14,1664.0,28,9,0.07027467541082941,0.0169917860856423
12,A1,tile_14,1143.0,12,5,0.03725812226479584,0.008245650030287962
13,A1,tile_14,1022.0,5,2,0.015369827072357109,0.006147931000024605
14,A1,tile_14,1356.0,18,4,0.043504519703103504,0.006950426242344499
15,A1,tile_14,1661.0,23,10,0.05127758428496286,0.018913861572706577
16,A1,tile_14,895.0,6,0,0.023791080306514882,0.0
17,A1,tile_14,1130.0,9,4,0.029964059724504416,0.002780170567267764
18,A1,tile_14,273.0,2,0,0.05242380903426191,0.0
19,A1,tile_14,860.0,9,4,0.032877132421288535,0.014612059260523596
20,A1,tile_14,1233.0,18,0,0.06879399971364511,0.0
21,A1,tile_14,1316.0,5,2,0.011936142300873075,0.002387228526605299
22,A1,tile_14,1369.0,15,6,0.03850178481389975,0.013768850233190856
23,A1,tile_14,1183.0,8,1,0.023310399139062053,0.0026556151656911015
24,A1,tile_14,1742.0,19,5,0.038874153259115966,0.009017200886039866
25,A1,tile_14,1248.0,14,6,0.0397174284908966,0.015103810872787084
26,A1,tile_14,144.0,2,0,0.37088246604879505,0.0
1,A1,tile_15,445.0,4,1,0.028239035088447578,0.0070597589685675805
2,A1,tile_15,725.0,9,4,0.03899908121697674,0.017332925467655576
3,A1,tile_15,582.0,4,0,0.029988475120177487,0.0
4,A1,tile_15,1350.0,17,5,0.04318073853082269,0.00930842293633355
5,A1,tile_15,1096.0,11,9,0.07898570337492584,0.022931332135722585
6,A1,tile_15,633.0,4,3,0.01985208627860849,0.009926043415521559
7,A1,tile_15,1398.0,21,9,0.05068695824819013,0.020224844096215156
8,A1,tile_15,1222.0,7,4,0.02570861418649585,0.0077125842754657455
9,A1,tile_15,992.0,11,2,0.042929469504699246,0.006333856332686639
10,A1,tile_15,1211.0,15,9,0.04813707433246129,0.023347920765077447
11,A1,tile_15,1038.0,7,0,0.04169958135786067,0.0
12,A1,tile_15,1442.0,25,7,0.05616038647193961,0.01525044937239606
13,A1,tile_15,1048.0,10,5,0.029977029137307185,0.014988515213245655
14,A1,tile_15,707.0,1,0,0.007899651494175182,0.0
15,A1,tile_15,625.0,4,1,0.020106192982974676,0.005026548385620117
16,A1,tile_15,1504.0,15,9,0.034581656721696157,0.01879942290326382
17,A1,tile_15,912.0,17,0,0.11291055467945772,0.0
18,A1,tile_15,1034.0,12,1,0.07426932987209914,0.0030382908520431074
19,A1,tile_15,868.0,6,1,0.02171607825062069,0.0036193464758209368
20,A1,tile_15,996.0,6,3,0.018925256949336104,0.006308419158659786
21,A1,tile_15,745.0,2,2,0.00843380578144911,0.0
22,A1,tile_15,1377.0,14,3,0.03194066604956943,0.0068444284565135375
23,A1,tile_15,1346.0,15,3,0.049273782745753746,0.0070020638815892575
24,A1,tile_15,948.0,11,4,0.07290615862761124,0.013255665573892714
25,A1,tile_15,532.0,3,0,0.017715748046558982,0.0
26,A1,tile_15,1244.0,8,5,0.022167365097677177,0.0075761880905298555
27,A1,tile_15,206.0,1,0,0.06100179909883093,0.0
28,A1,tile_15,975.0,2,0,0.006444292622748294,0.0
29,A1,tile_15,1094.0,13,4,0.04403207253660283,0.01148662793788875
30,A1,tile_15,1362.0,10,5,0.02486004955116739,0.009226410399449554
31,A1,tile_15,1416.0,5,5,0.011093194398269043,0.00221863894139306
32,A1,tile_15,1325.0,7,2,0.016597093264247964,0.0
33,A1,tile_15,1311.0,4,3,0.013845479954798649,0.007188999225491335
34,A1,tile_15,773.0,2,2,0.011289322457919339,0.0
35,A1,tile_15,884.0,2,1,0.007107675686854735,0.0
36,A1,tile_15,646.0,5,0,0.028098179908267844,0.0
37,A1,tile_15,1238.0,4,2,0.010150541691727926,0.0025376354935481207
38,A1,tile_15,1089.0,3,2,0.008654525216500808,0.0
39,A1,tile_15,231.0,1,0,0.013599968197358411,0.0
40,A1,tile_15,316.0,2,0,0.019883497807530338,0.0
41,A1,tile_15,185.0,1,2,0.09245527929483473,0.033963164767703495
